timestamp,P2
2018-01-01 03:00:00+03:00,9.456326531
2018-01-01 04:00:00+03:00,9.400833333
2018-01-01 05:00:00+03:00,9.331458333
2018-01-01 06:00:00+03:00,9.52877551
2018-01-01 07:00:00+03:00,8.86125
2018-01-01 08:00:00+03:00,8.334375
2018-01-01 09:00:00+03:00,7.966458333
2018-01-01 10:00:00+03:00,7.979791667
2018-01-01 11:00:00+03:00,8.601666667
2018-01-01 12:00:00+03:00,9.273958333
2018-01-01 13:00:00+03:00,9.672916667
2018-01-01 14:00:00+03:00,10.103125
2018-01-01 15:00:00+03:00,9.747083333
2018-01-01 16:00:00+03:00,9.987916667
2018-01-01 17:00:00+03:00,10.14061224
2018-01-01 18:00:00+03:00,10.290625
2018-01-01 19:00:00+03:00,10.33583333
2018-01-01 20:00:00+03:00,10.675
2018-01-01 21:00:00+03:00,10.926875
2018-01-01 22:00:00+03:00,11.12770833
2018-01-01 23:00:00+03:00,13.32270833
2018-01-02 00:00:00+03:00,13.640625
2018-01-02 01:00:00+03:00,9.029791667
2018-01-02 02:00:00+03:00,6.820208333
2018-01-02 03:00:00+03:00,11.20020833
2018-01-02 04:00:00+03:00,10.14333333
2018-01-02 05:00:00+03:00,8.842857143
2018-01-02 06:00:00+03:00,10.35520833
2018-01-02 07:00:00+03:00,12.35229167
2018-01-02 08:00:00+03:00,11.79208333
2018-01-02 09:00:00+03:00,10.525
2018-01-02 10:00:00+03:00,7.904489796
2018-01-02 11:00:00+03:00,7.956875
2018-01-02 12:00:00+03:00,9.189166667
2018-01-02 13:00:00+03:00,9.234375
2018-01-02 14:00:00+03:00,10.50770833
2018-01-02 15:00:00+03:00,10.52645833
2018-01-02 16:00:00+03:00,10.57489796
2018-01-02 17:00:00+03:00,10.295
2018-01-02 18:00:00+03:00,11.000625
2018-01-02 19:00:00+03:00,10.98125
2018-01-02 20:00:00+03:00,11.17166667
2018-01-02 21:00:00+03:00,11.19166667
2018-01-02 22:00:00+03:00,11.29708333
2018-01-02 23:00:00+03:00,10.98
2018-01-03 00:00:00+03:00,10.35333333
2018-01-03 01:00:00+03:00,10.1875
2018-01-03 02:00:00+03:00,10.10125
2018-01-03 03:00:00+03:00,10.60541667
2018-01-03 04:00:00+03:00,10.41666667
2018-01-03 05:00:00+03:00,10.01306122
2018-01-03 06:00:00+03:00,10.36208333
2018-01-03 07:00:00+03:00,10.15270833
2018-01-03 08:00:00+03:00,10.27020833
2018-01-03 09:00:00+03:00,9.41
2018-01-03 10:00:00+03:00,10.09208333
2018-01-03 11:00:00+03:00,10.94666667
2018-01-03 12:00:00+03:00,11.659375
2018-01-03 13:00:00+03:00,11.74416667
2018-01-03 14:00:00+03:00,11.979375
2018-01-03 15:00:00+03:00,11.94291667
2018-01-03 16:00:00+03:00,11.93520833
2018-01-03 17:00:00+03:00,11.92333333
2018-01-03 18:00:00+03:00,11.77666667
2018-01-03 19:00:00+03:00,12.53
2018-01-03 20:00:00+03:00,12.906875
2018-01-03 21:00:00+03:00,8.174791667
2018-01-03 22:00:00+03:00,5.9475
2018-01-03 23:00:00+03:00,11.04958333
2018-01-04 00:00:00+03:00,8.676041667
2018-01-04 01:00:00+03:00,5.989166667
2018-01-04 02:00:00+03:00,6.026875
2018-01-04 03:00:00+03:00,4.597708333
2018-01-04 04:00:00+03:00,6.8925
2018-01-04 05:00:00+03:00,7.366595745
2018-01-04 06:00:00+03:00,6.943617021
2018-01-04 07:00:00+03:00,14.38708333
2018-01-04 08:00:00+03:00,18.49333333
2018-01-04 09:00:00+03:00,14.93208333
2018-01-04 10:00:00+03:00,11.39854167
2018-01-04 11:00:00+03:00,7.900208333
2018-01-04 12:00:00+03:00,6.876666667
2018-01-04 13:00:00+03:00,4.291875
2018-01-04 14:00:00+03:00,3.25625
2018-01-04 15:00:00+03:00,2.850208333
2018-01-04 16:00:00+03:00,3.350208333
2018-01-04 17:00:00+03:00,4.007291667
2018-01-04 18:00:00+03:00,3.586530612
2018-01-04 19:00:00+03:00,3.852083333
2018-01-04 20:00:00+03:00,4.505416667
2018-01-04 21:00:00+03:00,4.188958333
2018-01-04 22:00:00+03:00,5.222708333
2018-01-04 23:00:00+03:00,4.970416667
2018-01-05 00:00:00+03:00,5.335
2018-01-05 01:00:00+03:00,6.24
2018-01-05 02:00:00+03:00,10.31479167
2018-01-05 03:00:00+03:00,10.74729167
2018-01-05 04:00:00+03:00,7.155
2018-01-05 05:00:00+03:00,7.113061224
2018-01-05 06:00:00+03:00,7.535
2018-01-05 07:00:00+03:00,7.5475
2018-01-05 08:00:00+03:00,7.879166667
2018-01-05 09:00:00+03:00,7.789166667
2018-01-05 10:00:00+03:00,8.326666667
2018-01-05 11:00:00+03:00,9.129512195
2018-01-05 12:00:00+03:00,8.356111111
2018-01-05 13:00:00+03:00,6.456944444
2018-01-05 14:00:00+03:00,4.955277778
2018-01-05 15:00:00+03:00,4.295
2018-01-05 16:00:00+03:00,4.405
2018-01-05 17:00:00+03:00,4.5175
2018-01-05 18:00:00+03:00,5.8625
2018-01-05 19:00:00+03:00,5.985277778
2018-01-05 20:00:00+03:00,6.025
2018-01-05 21:00:00+03:00,7.094285714
2018-01-05 22:00:00+03:00,7.870277778
2018-01-05 23:00:00+03:00,7.769444444
2018-01-06 00:00:00+03:00,7.942777778
2018-01-06 01:00:00+03:00,12.06972973
2018-01-06 02:00:00+03:00,11.40472222
2018-01-06 03:00:00+03:00,10.67388889
2018-01-06 04:00:00+03:00,11.31666667
2018-01-06 05:00:00+03:00,11.37222222
2018-01-06 06:00:00+03:00,11.42694444
2018-01-06 07:00:00+03:00,10.79694444
2018-01-06 08:00:00+03:00,8.983055556
2018-01-06 09:00:00+03:00,7.191388889
2018-01-06 10:00:00+03:00,10.5025
2018-01-06 11:00:00+03:00,10.66472222
2018-01-06 12:00:00+03:00,10.71611111
2018-01-06 13:00:00+03:00,11.21472222
2018-01-06 14:00:00+03:00,10.97
2018-01-06 15:00:00+03:00,9.658285714
2018-01-06 16:00:00+03:00,10.04243243
2018-01-06 17:00:00+03:00,10.02833333
2018-01-06 18:00:00+03:00,10.51416667
2018-01-06 19:00:00+03:00,11.33944444
2018-01-06 20:00:00+03:00,11.12666667
2018-01-06 21:00:00+03:00,10.38555556
2018-01-06 22:00:00+03:00,10.32222222
2018-01-06 23:00:00+03:00,11.59527778
2018-01-07 00:00:00+03:00,12.07861111
2018-01-07 01:00:00+03:00,11.37944444
2018-01-07 02:00:00+03:00,11.77527778
2018-01-07 03:00:00+03:00,10.74444444
2018-01-07 04:00:00+03:00,10.08861111
2018-01-07 05:00:00+03:00,10.09194444
2018-01-07 06:00:00+03:00,9.061944444
2018-01-07 07:00:00+03:00,6.006111111
2018-01-07 08:00:00+03:00,8.932222222
2018-01-07 09:00:00+03:00,10.47333333
2018-01-07 10:00:00+03:00,10.59305556
2018-01-07 11:00:00+03:00,11.69722222
2018-01-07 12:00:00+03:00,11.58432432
2018-01-07 13:00:00+03:00,10.37722222
2018-01-07 14:00:00+03:00,8.978611111
2018-01-07 15:00:00+03:00,8.073333333
2018-01-07 16:00:00+03:00,7.964722222
2018-01-07 17:00:00+03:00,8.980277778
2018-01-07 18:00:00+03:00,9.193888889
2018-01-07 19:00:00+03:00,9.028055556
2018-01-07 20:00:00+03:00,9.408055556
2018-01-07 21:00:00+03:00,9.459722222
2018-01-07 22:00:00+03:00,9.728055556
2018-01-07 23:00:00+03:00,10.15378378
2018-01-08 00:00:00+03:00,9.846944444
2018-01-08 01:00:00+03:00,9.967714286
2018-01-08 02:00:00+03:00,10.01837838
2018-01-08 03:00:00+03:00,9.739444444
2018-01-08 04:00:00+03:00,10.24083333
2018-01-08 05:00:00+03:00,12.75611111
2018-01-08 06:00:00+03:00,10.255
2018-01-08 07:00:00+03:00,9.689444444
2018-01-08 08:00:00+03:00,9.431388889
2018-01-08 09:00:00+03:00,14.55527778
2018-01-08 10:00:00+03:00,15.86857143
2018-01-08 11:00:00+03:00,14.229375
2018-01-08 12:00:00+03:00,10.28822222
2018-01-08 13:00:00+03:00,9.020526316
2018-01-08 14:00:00+03:00,8.257567568
2018-01-08 15:00:00+03:00,7.668157895
2018-01-08 16:00:00+03:00,8.011666667
2018-01-08 17:00:00+03:00,9.328461538
2018-01-08 18:00:00+03:00,11.1636
2018-01-08 19:00:00+03:00,9.954642857
2018-01-08 20:00:00+03:00,10.60777778
2018-01-08 21:00:00+03:00,9.692222222
2018-01-08 22:00:00+03:00,9.403333333
2018-01-08 23:00:00+03:00,9.158055556
2018-01-09 00:00:00+03:00,9.725833333
2018-01-09 01:00:00+03:00,9.155
2018-01-09 02:00:00+03:00,8.763333333
2018-01-09 03:00:00+03:00,8.864722222
2018-01-09 04:00:00+03:00,9.603611111
2018-01-09 05:00:00+03:00,10.43277778
2018-01-09 06:00:00+03:00,10.69055556
2018-01-09 07:00:00+03:00,10.55722222
2018-01-09 08:00:00+03:00,11.71361111
2018-01-09 09:00:00+03:00,10.56285714
2018-01-09 10:00:00+03:00,10.01222222
2018-01-09 11:00:00+03:00,8.304
2018-01-09 12:00:00+03:00,6.388709677
2018-01-09 13:00:00+03:00,7.277368421
2018-01-09 14:00:00+03:00,9.758181818
2018-01-09 15:00:00+03:00,6.653333333
2018-01-09 16:00:00+03:00,6.097916667
2018-01-09 17:00:00+03:00,7.945
2018-01-09 18:00:00+03:00,8.183333333
2018-01-09 19:00:00+03:00,9.3375
2018-01-09 20:00:00+03:00,13.42916667
2018-01-09 21:00:00+03:00,13.09583333
2018-01-09 22:00:00+03:00,14.45625
2018-01-09 23:00:00+03:00,15.1875
2018-01-10 00:00:00+03:00,14.83
2018-01-10 01:00:00+03:00,15.38
2018-01-10 02:00:00+03:00,15.11875
2018-01-10 03:00:00+03:00,17.18083333
2018-01-10 04:00:00+03:00,16.55041667
2018-01-10 05:00:00+03:00,15.47666667
2018-01-10 06:00:00+03:00,17.00958333
2018-01-10 07:00:00+03:00,16.74708333
2018-01-10 08:00:00+03:00,15.43083333
2018-01-10 09:00:00+03:00,11.13958333
2018-01-10 10:00:00+03:00,11.19217391
2018-01-10 11:00:00+03:00,17.59958333
2018-01-10 12:00:00+03:00,15.90875
2018-01-10 13:00:00+03:00,15.085
2018-01-10 14:00:00+03:00,12.96125
2018-01-10 15:00:00+03:00,16.58043478
2018-01-10 16:00:00+03:00,17.09166667
2018-01-10 17:00:00+03:00,17.73875
2018-01-10 18:00:00+03:00,16.55083333
2018-01-10 19:00:00+03:00,14.95125
2018-01-10 20:00:00+03:00,15.11208333
2018-01-10 21:00:00+03:00,13.36583333
2018-01-10 22:00:00+03:00,12.80458333
2018-01-10 23:00:00+03:00,12.43083333
2018-01-11 00:00:00+03:00,11.14
2018-01-11 01:00:00+03:00,10.9475
2018-01-11 02:00:00+03:00,11.15916667
2018-01-11 03:00:00+03:00,12.48916667
2018-01-11 04:00:00+03:00,12.925
2018-01-11 05:00:00+03:00,13.17666667
2018-01-11 06:00:00+03:00,11.60666667
2018-01-11 07:00:00+03:00,13.055
2018-01-11 08:00:00+03:00,14.4975
2018-01-11 09:00:00+03:00,6.75125
2018-01-11 10:00:00+03:00,13.12041667
2018-01-11 11:00:00+03:00,18.25782609
2018-01-11 12:00:00+03:00,13.79954545
2018-01-11 13:00:00+03:00,11.85913043
2018-01-11 14:00:00+03:00,7.806086957
2018-01-11 15:00:00+03:00,6.087083333
2018-01-11 16:00:00+03:00,6.336666667
2018-01-11 17:00:00+03:00,7.21625
2018-01-11 18:00:00+03:00,7.79125
2018-01-11 19:00:00+03:00,8.575217391
2018-01-11 20:00:00+03:00,9.7075
2018-01-11 21:00:00+03:00,12.65083333
2018-01-11 22:00:00+03:00,16.01791667
2018-01-11 23:00:00+03:00,13.3425
2018-01-12 00:00:00+03:00,11.65041667
2018-01-12 01:00:00+03:00,11.20291667
2018-01-12 02:00:00+03:00,10.66416667
2018-01-12 03:00:00+03:00,10.42666667
2018-01-12 04:00:00+03:00,10.35041667
2018-01-12 05:00:00+03:00,10.69708333
2018-01-12 06:00:00+03:00,10.74958333
2018-01-12 07:00:00+03:00,12.05541667
2018-01-12 08:00:00+03:00,12.79625
2018-01-12 09:00:00+03:00,11.12958333
2018-01-12 10:00:00+03:00,11.1325
2018-01-12 11:00:00+03:00,11.49791667
2018-01-12 12:00:00+03:00,10.74583333
2018-01-12 13:00:00+03:00,11.49086957
2018-01-12 14:00:00+03:00,11.47083333
2018-01-12 15:00:00+03:00,12.08041667
2018-01-12 16:00:00+03:00,12.69666667
2018-01-12 17:00:00+03:00,14.19333333
2018-01-12 18:00:00+03:00,14.92583333
2018-01-12 19:00:00+03:00,15.61166667
2018-01-12 20:00:00+03:00,15.7452
2018-01-12 21:00:00+03:00,31.705
2018-01-12 22:00:00+03:00,32.845
2018-01-12 23:00:00+03:00,19.20875
2018-01-13 00:00:00+03:00,13.995
2018-01-13 01:00:00+03:00,10.8925
2018-01-13 02:00:00+03:00,9.7575
2018-01-13 03:00:00+03:00,9.58375
2018-01-13 04:00:00+03:00,9.01875
2018-01-13 05:00:00+03:00,9.34
2018-01-13 06:00:00+03:00,9.7975
2018-01-13 07:00:00+03:00,9.718333333
2018-01-13 08:00:00+03:00,9.144166667
2018-01-13 09:00:00+03:00,9.460416667
2018-01-13 10:00:00+03:00,10.005
2018-01-13 11:00:00+03:00,9.0975
2018-01-13 12:00:00+03:00,9.421176471
2018-01-13 13:00:00+03:00,12.235
2018-01-13 14:00:00+03:00,11.27083333
2018-01-13 15:00:00+03:00,10.265
2018-01-13 16:00:00+03:00,9.575
2018-01-13 17:00:00+03:00,9.575
2018-01-13 18:00:00+03:00,10.635
2018-01-13 19:00:00+03:00,11.67041667
2018-01-13 20:00:00+03:00,11.36416667
2018-01-13 21:00:00+03:00,10.46958333
2018-01-13 22:00:00+03:00,10.0675
2018-01-13 23:00:00+03:00,10.84291667
2018-01-14 00:00:00+03:00,12.05708333
2018-01-14 01:00:00+03:00,12.17166667
2018-01-14 02:00:00+03:00,11.82291667
2018-01-14 03:00:00+03:00,11.18375
2018-01-14 04:00:00+03:00,10.5075
2018-01-14 05:00:00+03:00,10.285
2018-01-14 06:00:00+03:00,10.54708333
2018-01-14 07:00:00+03:00,9.650833333
2018-01-14 08:00:00+03:00,8.82875
2018-01-14 09:00:00+03:00,9.319583333
2018-01-14 10:00:00+03:00,10.37791667
2018-01-14 11:00:00+03:00,11.22666667
2018-01-14 12:00:00+03:00,10.87791667
2018-01-14 13:00:00+03:00,9.287083333
2018-01-14 14:00:00+03:00,8.586666667
2018-01-14 15:00:00+03:00,8.919583333
2018-01-14 16:00:00+03:00,9.142083333
2018-01-14 17:00:00+03:00,8.7925
2018-01-14 18:00:00+03:00,8.34125
2018-01-14 19:00:00+03:00,7.53625
2018-01-14 20:00:00+03:00,7.455
2018-01-14 21:00:00+03:00,7.372083333
2018-01-14 22:00:00+03:00,7.738333333
2018-01-14 23:00:00+03:00,7.910416667
2018-01-15 00:00:00+03:00,8.02
2018-01-15 01:00:00+03:00,8.217916667
2018-01-15 02:00:00+03:00,8.643333333
2018-01-15 03:00:00+03:00,9.239166667
2018-01-15 04:00:00+03:00,9.544583333
2018-01-15 05:00:00+03:00,9.719166667
2018-01-15 06:00:00+03:00,9.97125
2018-01-15 07:00:00+03:00,11.1775
2018-01-15 08:00:00+03:00,12.17375
2018-01-15 09:00:00+03:00,11.44052632
2018-01-15 10:00:00+03:00,11.44722222
2018-01-15 11:00:00+03:00,9.551666667
2018-01-15 12:00:00+03:00,8.224583333
2018-01-15 13:00:00+03:00,8.3925
2018-01-15 14:00:00+03:00,8.559565217
2018-01-15 15:00:00+03:00,8.457916667
2018-01-15 16:00:00+03:00,8.11875
2018-01-15 17:00:00+03:00,9.7625
2018-01-15 18:00:00+03:00,10.66375
2018-01-15 19:00:00+03:00,10.27708333
2018-01-15 20:00:00+03:00,10.55875
2018-01-15 21:00:00+03:00,10.52166667
2018-01-15 22:00:00+03:00,10.58125
2018-01-15 23:00:00+03:00,10.05909091
2018-01-16 00:00:00+03:00,10.17458333
2018-01-16 01:00:00+03:00,10.11958333
2018-01-16 02:00:00+03:00,10.16416667
2018-01-16 03:00:00+03:00,9.971666667
2018-01-16 04:00:00+03:00,10.23416667
2018-01-16 05:00:00+03:00,10.41333333
2018-01-16 06:00:00+03:00,10.30458333
2018-01-16 07:00:00+03:00,10.3975
2018-01-16 08:00:00+03:00,14.07
2018-01-16 09:00:00+03:00,11.21666667
2018-01-16 10:00:00+03:00,10.76583333
2018-01-16 11:00:00+03:00,10.72125
2018-01-16 12:00:00+03:00,11.92208333
2018-01-16 13:00:00+03:00,12.06708333
2018-01-16 14:00:00+03:00,11.91125
2018-01-16 15:00:00+03:00,11.1775
2018-01-16 16:00:00+03:00,10.04608696
2018-01-16 17:00:00+03:00,10.07
2018-01-16 18:00:00+03:00,10.60083333
2018-01-16 19:00:00+03:00,11.69458333
2018-01-16 20:00:00+03:00,12.16333333
2018-01-16 21:00:00+03:00,12.0175
2018-01-16 22:00:00+03:00,12.25416667
2018-01-16 23:00:00+03:00,12.195
2018-01-17 00:00:00+03:00,11.84416667
2018-01-17 01:00:00+03:00,12.175
2018-01-17 02:00:00+03:00,12.16
2018-01-17 03:00:00+03:00,12.18956522
2018-01-17 04:00:00+03:00,12.5876
2018-01-17 05:00:00+03:00,12.37782609
2018-01-17 06:00:00+03:00,12.4884
2018-01-17 07:00:00+03:00,13.78
2018-01-17 08:00:00+03:00,16.45833333
2018-01-17 09:00:00+03:00,13.79625
2018-01-17 10:00:00+03:00,12.10043478
2018-01-17 11:00:00+03:00,13.62875
2018-01-17 12:00:00+03:00,12.17125
2018-01-17 13:00:00+03:00,13.05416667
2018-01-17 14:00:00+03:00,12.77708333
2018-01-17 15:00:00+03:00,12.4625
2018-01-17 16:00:00+03:00,13.03043478
2018-01-17 17:00:00+03:00,11.66916667
2018-01-17 18:00:00+03:00,11.34041667
2018-01-17 19:00:00+03:00,12.54916667
2018-01-17 20:00:00+03:00,13.11541667
2018-01-17 21:00:00+03:00,12.70791667
2018-01-17 22:00:00+03:00,12.72375
2018-01-17 23:00:00+03:00,13.17541667
2018-01-18 00:00:00+03:00,12.95291667
2018-01-18 01:00:00+03:00,12.74875
2018-01-18 02:00:00+03:00,12.94375
2018-01-18 03:00:00+03:00,12.67833333
2018-01-18 04:00:00+03:00,12.86208333
2018-01-18 05:00:00+03:00,13.1475
2018-01-18 06:00:00+03:00,12.89875
2018-01-18 07:00:00+03:00,12.8925
2018-01-18 08:00:00+03:00,12.70291667
2018-01-18 09:00:00+03:00,11.59166667
2018-01-18 10:00:00+03:00,10.54583333
2018-01-18 11:00:00+03:00,12.53875
2018-01-18 12:00:00+03:00,13.14125
2018-01-18 13:00:00+03:00,12.90291667
2018-01-18 14:00:00+03:00,12.05166667
2018-01-18 15:00:00+03:00,11.92625
2018-01-18 16:00:00+03:00,11.75708333
2018-01-18 17:00:00+03:00,11.18166667
2018-01-18 18:00:00+03:00,11.98916667
2018-01-18 19:00:00+03:00,14.85166667
2018-01-18 20:00:00+03:00,15.76166667
2018-01-18 21:00:00+03:00,14.76666667
2018-01-18 22:00:00+03:00,15.03708333
2018-01-18 23:00:00+03:00,15.06541667
2018-01-19 00:00:00+03:00,15.2
2018-01-19 01:00:00+03:00,15.89541667
2018-01-19 02:00:00+03:00,15.7025
2018-01-19 03:00:00+03:00,16.39875
2018-01-19 04:00:00+03:00,16.01875
2018-01-19 05:00:00+03:00,14.99958333
2018-01-19 06:00:00+03:00,14.7725
2018-01-19 07:00:00+03:00,14.90166667
2018-01-19 08:00:00+03:00,13.63458333
2018-01-19 09:00:00+03:00,15.63416667
2018-01-19 10:00:00+03:00,15.18125
2018-01-19 11:00:00+03:00,13.97086957
2018-01-19 12:00:00+03:00,13.915
2018-01-19 13:00:00+03:00,14.155
2018-01-19 14:00:00+03:00,14.42823529
2018-01-19 15:00:00+03:00,16.50652174
2018-01-19 16:00:00+03:00,14.07833333
2018-01-19 17:00:00+03:00,14.18333333
2018-01-19 18:00:00+03:00,14.61
2018-01-19 19:00:00+03:00,14.80916667
2018-01-19 20:00:00+03:00,15.59041667
2018-01-19 21:00:00+03:00,16.30875
2018-01-19 22:00:00+03:00,16.35208333
2018-01-19 23:00:00+03:00,15.80416667
2018-01-20 00:00:00+03:00,16.415
2018-01-20 01:00:00+03:00,16.42583333
2018-01-20 02:00:00+03:00,17.13875
2018-01-20 03:00:00+03:00,16.97
2018-01-20 04:00:00+03:00,17.09153846
2018-01-20 05:00:00+03:00,17.90083333
2018-01-20 06:00:00+03:00,16.55833333
2018-01-20 07:00:00+03:00,15.65916667
2018-01-20 08:00:00+03:00,14.36416667
2018-01-20 09:00:00+03:00,14.98083333
2018-01-20 10:00:00+03:00,16.88933333
2018-01-20 11:00:00+03:00,16.43458333
2018-01-20 12:00:00+03:00,14.98125
2018-01-20 13:00:00+03:00,14.62958333
2018-01-20 14:00:00+03:00,15.62083333
2018-01-20 15:00:00+03:00,16.365
2018-01-20 16:00:00+03:00,15.76333333
2018-01-20 17:00:00+03:00,15.89041667
2018-01-20 18:00:00+03:00,16.95791667
2018-01-20 19:00:00+03:00,17.22375
2018-01-20 20:00:00+03:00,17.49083333
2018-01-20 21:00:00+03:00,17.77
2018-01-20 22:00:00+03:00,17.9025
2018-01-20 23:00:00+03:00,17.80791667
2018-01-21 00:00:00+03:00,16.93833333
2018-01-21 01:00:00+03:00,18.04458333
2018-01-21 02:00:00+03:00,18.06041667
2018-01-21 03:00:00+03:00,18.75583333
2018-01-21 04:00:00+03:00,19.00458333
2018-01-21 05:00:00+03:00,18.73333333
2018-01-21 06:00:00+03:00,18.87916667
2018-01-21 07:00:00+03:00,16.41565217
2018-01-21 08:00:00+03:00,14.55291667
2018-01-21 09:00:00+03:00,14.6475
2018-01-21 10:00:00+03:00,16.43208333
2018-01-21 11:00:00+03:00,19.09041667
2018-01-21 12:00:00+03:00,17.91333333
2018-01-21 13:00:00+03:00,17.70541667
2018-01-21 14:00:00+03:00,17.1925
2018-01-21 15:00:00+03:00,16.5525
2018-01-21 16:00:00+03:00,16.655
2018-01-21 17:00:00+03:00,16.86125
2018-01-21 18:00:00+03:00,16.97125
2018-01-21 19:00:00+03:00,16.79416667
2018-01-21 20:00:00+03:00,17.09791667
2018-01-21 21:00:00+03:00,17.695
2018-01-21 22:00:00+03:00,16.96041667
2018-01-21 23:00:00+03:00,16.58625
2018-01-22 00:00:00+03:00,16.33166667
2018-01-22 01:00:00+03:00,16.24875
2018-01-22 02:00:00+03:00,15.665
2018-01-22 03:00:00+03:00,15.86916667
2018-01-22 04:00:00+03:00,15.80217391
2018-01-22 05:00:00+03:00,16.25541667
2018-01-22 06:00:00+03:00,16.4825
2018-01-22 07:00:00+03:00,16.26625
2018-01-22 08:00:00+03:00,16.94375
2018-01-22 09:00:00+03:00,15.29695652
2018-01-22 10:00:00+03:00,15.87695652
2018-01-22 11:00:00+03:00,14.88125
2018-01-22 12:00:00+03:00,14.74478261
2018-01-22 13:00:00+03:00,15.42391304
2018-01-22 14:00:00+03:00,15.86166667
2018-01-22 15:00:00+03:00,16.17416667
2018-01-22 16:00:00+03:00,17.73913043
2018-01-22 17:00:00+03:00,18.14666667
2018-01-22 18:00:00+03:00,19.38958333
2018-01-22 19:00:00+03:00,19.71208333
2018-01-22 20:00:00+03:00,20.46541667
2018-01-22 21:00:00+03:00,22.26416667
2018-01-22 22:00:00+03:00,23.46666667
2018-01-22 23:00:00+03:00,23.94166667
2018-01-23 00:00:00+03:00,25.23083333
2018-01-23 01:00:00+03:00,25.10583333
2018-01-23 02:00:00+03:00,24.32416667
2018-01-23 03:00:00+03:00,23.67
2018-01-23 04:00:00+03:00,23.34291667
2018-01-23 05:00:00+03:00,23.78304348
2018-01-23 06:00:00+03:00,22.2375
2018-01-23 07:00:00+03:00,20.55416667
2018-01-23 08:00:00+03:00,18.65708333
2018-01-23 09:00:00+03:00,17.54125
2018-01-23 10:00:00+03:00,15.92291667
2018-01-23 11:00:00+03:00,15.97958333
2018-01-23 12:00:00+03:00,15.44166667
2018-01-23 13:00:00+03:00,14.32666667
2018-01-23 14:00:00+03:00,16.14809524
2018-01-23 15:00:00+03:00,15.58391304
2018-01-23 16:00:00+03:00,15.35041667
2018-01-23 17:00:00+03:00,15.58291667
2018-01-23 18:00:00+03:00,15.75458333
2018-01-23 19:00:00+03:00,16.17041667
2018-01-23 20:00:00+03:00,16.47666667
2018-01-23 21:00:00+03:00,15.80625
2018-01-23 22:00:00+03:00,15.57666667
2018-01-23 23:00:00+03:00,16.67583333
2018-01-24 00:00:00+03:00,15.62416667
2018-01-24 01:00:00+03:00,15.1384
2018-01-24 02:00:00+03:00,14.45291667
2018-01-24 03:00:00+03:00,14.465
2018-01-24 04:00:00+03:00,14.62875
2018-01-24 05:00:00+03:00,14.67958333
2018-01-24 06:00:00+03:00,14.87958333
2018-01-24 07:00:00+03:00,16.75541667
2018-01-24 08:00:00+03:00,15.94826087
2018-01-24 09:00:00+03:00,12.1108
2018-01-24 10:00:00+03:00,24.6526087
2018-01-24 11:00:00+03:00,17.81458333
2018-01-24 12:00:00+03:00,15.83583333
2018-01-24 13:00:00+03:00,13.55833333
2018-01-24 14:00:00+03:00,15.14458333
2018-01-24 15:00:00+03:00,16.25086957
2018-01-24 16:00:00+03:00,15.19083333
2018-01-24 17:00:00+03:00,13.76958333
2018-01-24 18:00:00+03:00,13.51791667
2018-01-24 19:00:00+03:00,14.01791667
2018-01-24 20:00:00+03:00,13.51708333
2018-01-24 21:00:00+03:00,13.48916667
2018-01-24 22:00:00+03:00,13.54458333
2018-01-24 23:00:00+03:00,13.55375
2018-01-25 00:00:00+03:00,13.13541667
2018-01-25 01:00:00+03:00,13.06
2018-01-25 02:00:00+03:00,13.0975
2018-01-25 03:00:00+03:00,13.46875
2018-01-25 04:00:00+03:00,13.41347826
2018-01-25 05:00:00+03:00,13.13541667
2018-01-25 06:00:00+03:00,14.27541667
2018-01-25 07:00:00+03:00,14.61333333
2018-01-25 08:00:00+03:00,11.88333333
2018-01-25 09:00:00+03:00,10.90666667
2018-01-25 10:00:00+03:00,11.1947619
2018-01-25 11:00:00+03:00,13.33142857
2018-01-25 12:00:00+03:00,14.62608696
2018-01-25 13:00:00+03:00,14.81291667
2018-01-25 14:00:00+03:00,17.40708333
2018-01-25 15:00:00+03:00,17.26913043
2018-01-25 16:00:00+03:00,14.60666667
2018-01-25 17:00:00+03:00,13.495
2018-01-25 18:00:00+03:00,14.14416667
2018-01-25 19:00:00+03:00,13.47791667
2018-01-25 20:00:00+03:00,13.96416667
2018-01-25 21:00:00+03:00,15.2975
2018-01-25 22:00:00+03:00,14.94416667
2018-01-25 23:00:00+03:00,14.80208333
2018-01-26 00:00:00+03:00,14.37708333
2018-01-26 01:00:00+03:00,13.66041667
2018-01-26 02:00:00+03:00,13.3375
2018-01-26 03:00:00+03:00,12.67
2018-01-26 04:00:00+03:00,13.39958333
2018-01-26 05:00:00+03:00,13.8226087
2018-01-26 06:00:00+03:00,13.02791667
2018-01-26 07:00:00+03:00,12.84666667
2018-01-26 08:00:00+03:00,11.69333333
2018-01-26 09:00:00+03:00,9.51625
2018-01-26 10:00:00+03:00,8.648095238
2018-01-26 11:00:00+03:00,8.160833333
2018-01-26 12:00:00+03:00,8.959583333
2018-01-26 13:00:00+03:00,8.4475
2018-01-26 14:00:00+03:00,8.832916667
2018-01-26 15:00:00+03:00,8.736956522
2018-01-26 16:00:00+03:00,8.134782609
2018-01-26 17:00:00+03:00,7.7675
2018-01-26 18:00:00+03:00,9.810416667
2018-01-26 19:00:00+03:00,10.05458333
2018-01-26 20:00:00+03:00,10.03916667
2018-01-26 21:00:00+03:00,10.23625
2018-01-26 22:00:00+03:00,10.13166667
2018-01-26 23:00:00+03:00,10.3625
2018-01-27 00:00:00+03:00,10.38125
2018-01-27 01:00:00+03:00,10.38173913
2018-01-27 02:00:00+03:00,10.37
2018-01-27 03:00:00+03:00,10.8175
2018-01-27 04:00:00+03:00,11.05291667
2018-01-27 05:00:00+03:00,11.32208333
2018-01-27 06:00:00+03:00,11.34916667
2018-01-27 07:00:00+03:00,10.52791667
2018-01-27 08:00:00+03:00,9.259583333
2018-01-27 09:00:00+03:00,9.042916667
2018-01-27 10:00:00+03:00,8.757083333
2018-01-27 11:00:00+03:00,9.40375
2018-01-27 12:00:00+03:00,11.36583333
2018-01-27 13:00:00+03:00,11.26666667
2018-01-27 14:00:00+03:00,10.49625
2018-01-27 15:00:00+03:00,9.90625
2018-01-27 16:00:00+03:00,9.532083333
2018-01-27 17:00:00+03:00,10.24666667
2018-01-27 18:00:00+03:00,9.97
2018-01-27 19:00:00+03:00,10.47916667
2018-01-27 20:00:00+03:00,12.06833333
2018-01-27 21:00:00+03:00,11.17041667
2018-01-27 22:00:00+03:00,9.724782609
2018-01-27 23:00:00+03:00,9.405833333
2018-01-28 00:00:00+03:00,9.842916667
2018-01-28 01:00:00+03:00,9.624166667
2018-01-28 02:00:00+03:00,9.985416667
2018-01-28 03:00:00+03:00,9.495833333
2018-01-28 04:00:00+03:00,9.646666667
2018-01-28 05:00:00+03:00,9.814583333
2018-01-28 06:00:00+03:00,8.824583333
2018-01-28 07:00:00+03:00,8.6225
2018-01-28 08:00:00+03:00,7.155333333
2018-01-28 09:00:00+03:00,7.063333333
2018-01-28 10:00:00+03:00,7.525833333
2018-01-28 11:00:00+03:00,7.730909091
2018-01-28 12:00:00+03:00,7.730909091
2018-01-28 13:00:00+03:00,7.730909091
2018-01-28 14:00:00+03:00,7.662857143
2018-01-28 15:00:00+03:00,7.490833333
2018-01-28 16:00:00+03:00,7.447916667
2018-01-28 17:00:00+03:00,7.3075
2018-01-28 18:00:00+03:00,7.43375
2018-01-28 19:00:00+03:00,7.6775
2018-01-28 20:00:00+03:00,7.98125
2018-01-28 21:00:00+03:00,7.772083333
2018-01-28 22:00:00+03:00,7.344583333
2018-01-28 23:00:00+03:00,7.42875
2018-01-29 00:00:00+03:00,7.457083333
2018-01-29 01:00:00+03:00,7.399166667
2018-01-29 02:00:00+03:00,7.229166667
2018-01-29 03:00:00+03:00,7.235
2018-01-29 04:00:00+03:00,7.304166667
2018-01-29 05:00:00+03:00,7.335833333
2018-01-29 06:00:00+03:00,7.545833333
2018-01-29 07:00:00+03:00,7.508333333
2018-01-29 08:00:00+03:00,7.031666667
2018-01-29 09:00:00+03:00,7.086521739
2018-01-29 10:00:00+03:00,7.634166667
2018-01-29 11:00:00+03:00,7.147391304
2018-01-29 12:00:00+03:00,7.977916667
2018-01-29 13:00:00+03:00,8.808333333
2018-01-29 14:00:00+03:00,8.01173913
2018-01-29 15:00:00+03:00,7.495652174
2018-01-29 16:00:00+03:00,6.92875
2018-01-29 17:00:00+03:00,7.302916667
2018-01-29 18:00:00+03:00,7.42375
2018-01-29 19:00:00+03:00,8.42625
2018-01-29 20:00:00+03:00,7.36375
2018-01-29 21:00:00+03:00,7.28375
2018-01-29 22:00:00+03:00,7.07125
2018-01-29 23:00:00+03:00,7.190833333
2018-01-30 00:00:00+03:00,7.19875
2018-01-30 01:00:00+03:00,7.1475
2018-01-30 02:00:00+03:00,7.054166667
2018-01-30 03:00:00+03:00,7.00875
2018-01-30 04:00:00+03:00,6.17826087
2018-01-30 05:00:00+03:00,6.309166667
2018-01-30 06:00:00+03:00,6.834583333
2018-01-30 07:00:00+03:00,7.059583333
2018-01-30 08:00:00+03:00,5.613333333
2018-01-30 09:00:00+03:00,5.602916667
2018-01-30 10:00:00+03:00,5.87875
2018-01-30 11:00:00+03:00,6.173571429
2018-01-30 12:00:00+03:00,4.828333333
2018-01-30 13:00:00+03:00,5.976153846
2018-01-30 14:00:00+03:00,6.602307692
2018-01-30 15:00:00+03:00,6.335384615
2018-01-30 16:00:00+03:00,5.933076923
2018-01-30 17:00:00+03:00,6.34
2018-01-30 18:00:00+03:00,7.275384615
2018-01-30 19:00:00+03:00,7.239285714
2018-01-30 20:00:00+03:00,6.526521739
2018-01-30 21:00:00+03:00,6.525416667
2018-01-30 22:00:00+03:00,6.687916667
2018-01-30 23:00:00+03:00,6.98375
2018-01-31 00:00:00+03:00,6.754583333
2018-01-31 01:00:00+03:00,6.14625
2018-01-31 02:00:00+03:00,6.190833333
2018-01-31 03:00:00+03:00,6.4425
2018-01-31 04:00:00+03:00,6.59
2018-01-31 05:00:00+03:00,6.90375
2018-01-31 06:00:00+03:00,7.194583333
2018-01-31 07:00:00+03:00,6.909583333
2018-01-31 08:00:00+03:00,6.431666667
2018-01-31 09:00:00+03:00,5.538181818
2018-01-31 10:00:00+03:00,4.47875
2018-01-31 11:00:00+03:00,5.079583333
2018-01-31 12:00:00+03:00,5.662083333
2018-01-31 13:00:00+03:00,6.176521739
2018-01-31 14:00:00+03:00,5.375416667
2018-01-31 15:00:00+03:00,5.055217391
2018-01-31 16:00:00+03:00,5.122173913
2018-01-31 17:00:00+03:00,5.094347826
2018-01-31 18:00:00+03:00,5.230416667
2018-01-31 19:00:00+03:00,5.479583333
2018-01-31 20:00:00+03:00,5.255
2018-01-31 21:00:00+03:00,5.291666667
2018-01-31 22:00:00+03:00,5
2018-01-31 23:00:00+03:00,4.965833333
2018-02-01 00:00:00+03:00,4.80125
2018-02-01 01:00:00+03:00,5.030416667
2018-02-01 02:00:00+03:00,5.06125
2018-02-01 03:00:00+03:00,5.09125
2018-02-01 04:00:00+03:00,5.35125
2018-02-01 05:00:00+03:00,5.452083333
2018-02-01 06:00:00+03:00,5.401666667
2018-02-01 07:00:00+03:00,5.49125
2018-02-01 08:00:00+03:00,8.818333333
2018-02-01 09:00:00+03:00,5.172173913
2018-02-01 10:00:00+03:00,4.644583333
2018-02-01 11:00:00+03:00,5.414166667
2018-02-01 12:00:00+03:00,5.322608696
2018-02-01 13:00:00+03:00,5.14875
2018-02-01 14:00:00+03:00,4.950416667
2018-02-01 15:00:00+03:00,5.393636364
2018-02-01 16:00:00+03:00,5.15625
2018-02-01 17:00:00+03:00,5.116666667
2018-02-01 18:00:00+03:00,5.865
2018-02-01 19:00:00+03:00,5.12125
2018-02-01 20:00:00+03:00,5.345652174
2018-02-01 21:00:00+03:00,5.527916667
2018-02-01 22:00:00+03:00,5.785416667
2018-02-01 23:00:00+03:00,5.990416667
2018-02-02 00:00:00+03:00,5.790416667
2018-02-02 01:00:00+03:00,6.17
2018-02-02 02:00:00+03:00,6.692916667
2018-02-02 03:00:00+03:00,6.197916667
2018-02-02 04:00:00+03:00,6.269166667
2018-02-02 05:00:00+03:00,6.195416667
2018-02-02 06:00:00+03:00,6.219583333
2018-02-02 07:00:00+03:00,6.071666667
2018-02-02 08:00:00+03:00,5.309583333
2018-02-02 09:00:00+03:00,4.206521739
2018-02-02 10:00:00+03:00,9.580833333
2018-02-02 11:00:00+03:00,7.672631579
2018-02-02 12:00:00+03:00,5.627826087
2018-02-02 13:00:00+03:00,4.935238095
2018-02-02 14:00:00+03:00,5.758823529
2018-02-02 15:00:00+03:00,5.180434783
2018-02-02 16:00:00+03:00,5.0825
2018-02-02 17:00:00+03:00,4.980416667
2018-02-02 18:00:00+03:00,5.343333333
2018-02-02 19:00:00+03:00,5.4825
2018-02-02 20:00:00+03:00,5.505833333
2018-02-02 21:00:00+03:00,5.54
2018-02-02 22:00:00+03:00,5.690416667
2018-02-02 23:00:00+03:00,5.359583333
2018-02-03 00:00:00+03:00,5.218333333
2018-02-03 01:00:00+03:00,5.328333333
2018-02-03 02:00:00+03:00,5.064583333
2018-02-03 03:00:00+03:00,5.10125
2018-02-03 04:00:00+03:00,5.1875
2018-02-03 05:00:00+03:00,5.454166667
2018-02-03 06:00:00+03:00,5.406956522
2018-02-03 07:00:00+03:00,5.419583333
2018-02-03 08:00:00+03:00,4.7775
2018-02-03 09:00:00+03:00,5.865714286
2018-02-03 10:00:00+03:00,5.871538462
2018-02-03 11:00:00+03:00,6.416428571
2018-02-03 12:00:00+03:00,6.983076923
2018-02-03 13:00:00+03:00,6.890714286
2018-02-03 14:00:00+03:00,7.134615385
2018-02-03 15:00:00+03:00,6.158461538
2018-02-03 16:00:00+03:00,6.60625
2018-02-03 17:00:00+03:00,6.875
2018-02-03 18:00:00+03:00,7.005
2018-02-03 19:00:00+03:00,6.766521739
2018-02-03 20:00:00+03:00,7.13625
2018-02-03 21:00:00+03:00,7.423333333
2018-02-03 22:00:00+03:00,7.084166667
2018-02-03 23:00:00+03:00,6.799166667
2018-02-04 00:00:00+03:00,6.592083333
2018-02-04 01:00:00+03:00,7.095
2018-02-04 02:00:00+03:00,6.844166667
2018-02-04 03:00:00+03:00,7.037916667
2018-02-04 04:00:00+03:00,6.762083333
2018-02-04 05:00:00+03:00,6.662083333
2018-02-04 06:00:00+03:00,6.88625
2018-02-04 07:00:00+03:00,6.68125
2018-02-04 08:00:00+03:00,5.983333333
2018-02-04 09:00:00+03:00,5.721666667
2018-02-04 10:00:00+03:00,6.153333333
2018-02-04 11:00:00+03:00,7.0275
2018-02-04 12:00:00+03:00,7.79625
2018-02-04 13:00:00+03:00,8.074166667
2018-02-04 14:00:00+03:00,7.805416667
2018-02-04 15:00:00+03:00,8.43
2018-02-04 16:00:00+03:00,9.058333333
2018-02-04 17:00:00+03:00,9.349583333
2018-02-04 18:00:00+03:00,9.776086957
2018-02-04 19:00:00+03:00,10.88541667
2018-02-04 20:00:00+03:00,12.37791667
2018-02-04 21:00:00+03:00,13.32458333
2018-02-04 22:00:00+03:00,14.05125
2018-02-04 23:00:00+03:00,13.62666667
2018-02-05 00:00:00+03:00,13.44291667
2018-02-05 01:00:00+03:00,12.7825
2018-02-05 02:00:00+03:00,12.50708333
2018-02-05 03:00:00+03:00,12.43416667
2018-02-05 04:00:00+03:00,13.4
2018-02-05 05:00:00+03:00,13.57625
2018-02-05 06:00:00+03:00,15.09875
2018-02-05 07:00:00+03:00,14.4175
2018-02-05 08:00:00+03:00,13.8275
2018-02-05 09:00:00+03:00,12.67478261
2018-02-05 10:00:00+03:00,12.24347826
2018-02-05 11:00:00+03:00,15.69083333
2018-02-05 12:00:00+03:00,18.3826087
2018-02-05 13:00:00+03:00,14.22217391
2018-02-05 14:00:00+03:00,20.44083333
2018-02-05 15:00:00+03:00,20.19791667
2018-02-05 16:00:00+03:00,17.17434783
2018-02-05 17:00:00+03:00,17.43869565
2018-02-05 18:00:00+03:00,18.71125
2018-02-05 19:00:00+03:00,18.58291667
2018-02-05 20:00:00+03:00,18.23782609
2018-02-05 21:00:00+03:00,17.17125
2018-02-05 22:00:00+03:00,17.72916667
2018-02-05 23:00:00+03:00,16.71652174
2018-02-06 00:00:00+03:00,14.31875
2018-02-06 01:00:00+03:00,15.16583333
2018-02-06 02:00:00+03:00,14.6226087
2018-02-06 03:00:00+03:00,14.02958333
2018-02-06 04:00:00+03:00,13.10041667
2018-02-06 05:00:00+03:00,12.87478261
2018-02-06 06:00:00+03:00,12.87458333
2018-02-06 07:00:00+03:00,13.04166667
2018-02-06 08:00:00+03:00,12.82826087
2018-02-06 09:00:00+03:00,11.23818182
2018-02-06 10:00:00+03:00,10.89625
2018-02-06 11:00:00+03:00,11.49055556
2018-02-06 12:00:00+03:00,11.54708333
2018-02-06 13:00:00+03:00,11.93833333
2018-02-06 14:00:00+03:00,11.79608696
2018-02-06 15:00:00+03:00,11.72166667
2018-02-06 16:00:00+03:00,10.55333333
2018-02-06 17:00:00+03:00,12.73666667
2018-02-06 18:00:00+03:00,14.20625
2018-02-06 19:00:00+03:00,14.22611111
2018-02-06 20:00:00+03:00,13.44166667
2018-02-06 21:00:00+03:00,12.725
2018-02-06 22:00:00+03:00,12.28125
2018-02-06 23:00:00+03:00,11.92125
2018-02-07 00:00:00+03:00,12.31833333
2018-02-07 01:00:00+03:00,12.25375
2018-02-07 02:00:00+03:00,12.83875
2018-02-07 03:00:00+03:00,12.04958333
2018-02-07 04:00:00+03:00,12.6075
2018-02-07 05:00:00+03:00,12.28041667
2018-02-07 06:00:00+03:00,12.16583333
2018-02-07 07:00:00+03:00,13.53833333
2018-02-07 08:00:00+03:00,12.31875
2018-02-07 09:00:00+03:00,11.335
2018-02-07 10:00:00+03:00,10.03708333
2018-02-07 11:00:00+03:00,10.35583333
2018-02-07 12:00:00+03:00,10.74086957
2018-02-07 13:00:00+03:00,13.21153846
2018-02-07 14:00:00+03:00,12.91708333
2018-02-07 15:00:00+03:00,12.1375
2018-02-07 16:00:00+03:00,12.49583333
2018-02-07 17:00:00+03:00,13.77625
2018-02-07 18:00:00+03:00,14.37791667
2018-02-07 19:00:00+03:00,14.12666667
2018-02-07 20:00:00+03:00,12.83416667
2018-02-07 21:00:00+03:00,12.3775
2018-02-07 22:00:00+03:00,12.59041667
2018-02-07 23:00:00+03:00,11.41583333
2018-02-08 00:00:00+03:00,10.70458333
2018-02-08 01:00:00+03:00,10.99208333
2018-02-08 02:00:00+03:00,10.97
2018-02-08 03:00:00+03:00,10.85083333
2018-02-08 04:00:00+03:00,10.41708333
2018-02-08 05:00:00+03:00,10.14833333
2018-02-08 06:00:00+03:00,10.28208333
2018-02-08 07:00:00+03:00,10.065
2018-02-08 08:00:00+03:00,8.821666667
2018-02-08 09:00:00+03:00,9.736818182
2018-02-08 10:00:00+03:00,9.430833333
2018-02-08 11:00:00+03:00,8.849565217
2018-02-08 12:00:00+03:00,9.583636364
2018-02-08 13:00:00+03:00,8.237222222
2018-02-08 14:00:00+03:00,7.9625
2018-02-08 15:00:00+03:00,7.825555556
2018-02-08 16:00:00+03:00,7.527083333
2018-02-08 17:00:00+03:00,7.554583333
2018-02-08 18:00:00+03:00,7.884583333
2018-02-08 19:00:00+03:00,8.025833333
2018-02-08 20:00:00+03:00,8.03
2018-02-08 21:00:00+03:00,7.804583333
2018-02-08 22:00:00+03:00,7.780416667
2018-02-08 23:00:00+03:00,7.885416667
2018-02-09 00:00:00+03:00,7.962916667
2018-02-09 01:00:00+03:00,7.75375
2018-02-09 02:00:00+03:00,7.38375
2018-02-09 03:00:00+03:00,6.887916667
2018-02-09 04:00:00+03:00,6.627916667
2018-02-09 05:00:00+03:00,6.425416667
2018-02-09 06:00:00+03:00,6.468333333
2018-02-09 07:00:00+03:00,6.245416667
2018-02-09 08:00:00+03:00,5.9875
2018-02-09 09:00:00+03:00,6.02375
2018-02-09 10:00:00+03:00,4.864583333
2018-02-09 11:00:00+03:00,4.920416667
2018-02-09 12:00:00+03:00,4.711304348
2018-02-09 13:00:00+03:00,4.82375
2018-02-09 14:00:00+03:00,4.85
2018-02-09 15:00:00+03:00,4.987272727
2018-02-09 16:00:00+03:00,4.836956522
2018-02-09 17:00:00+03:00,4.533333333
2018-02-09 18:00:00+03:00,4.97625
2018-02-09 19:00:00+03:00,4.779166667
2018-02-09 20:00:00+03:00,4.624583333
2018-02-09 21:00:00+03:00,4.452083333
2018-02-09 22:00:00+03:00,4.317916667
2018-02-09 23:00:00+03:00,4.291666667
2018-02-10 00:00:00+03:00,3.990833333
2018-02-10 01:00:00+03:00,3.897083333
2018-02-10 02:00:00+03:00,3.873333333
2018-02-10 03:00:00+03:00,3.820416667
2018-02-10 04:00:00+03:00,3.695416667
2018-02-10 05:00:00+03:00,3.897916667
2018-02-10 06:00:00+03:00,4.102083333
2018-02-10 07:00:00+03:00,3.862916667
2018-02-10 08:00:00+03:00,3.906666667
2018-02-10 09:00:00+03:00,4.321666667
2018-02-10 10:00:00+03:00,4.427916667
2018-02-10 11:00:00+03:00,4.796666667
2018-02-10 12:00:00+03:00,4.501666667
2018-02-10 13:00:00+03:00,4.195833333
2018-02-10 14:00:00+03:00,3.5475
2018-02-10 15:00:00+03:00,3.922916667
2018-02-10 16:00:00+03:00,3.93125
2018-02-10 17:00:00+03:00,3.818333333
2018-02-10 18:00:00+03:00,4.052083333
2018-02-10 19:00:00+03:00,4.205416667
2018-02-10 20:00:00+03:00,4.326666667
2018-02-10 21:00:00+03:00,4.937083333
2018-02-10 22:00:00+03:00,4.61625
2018-02-10 23:00:00+03:00,4.635416667
2018-02-11 00:00:00+03:00,4.739166667
2018-02-11 01:00:00+03:00,4.771666667
2018-02-11 02:00:00+03:00,5.036666667
2018-02-11 03:00:00+03:00,4.847083333
2018-02-11 04:00:00+03:00,4.777916667
2018-02-11 05:00:00+03:00,4.64
2018-02-11 06:00:00+03:00,4.535416667
2018-02-11 07:00:00+03:00,4.189583333
2018-02-11 08:00:00+03:00,3.930416667
2018-02-11 09:00:00+03:00,4.3225
2018-02-11 10:00:00+03:00,4.37
2018-02-11 11:00:00+03:00,4.796666667
2018-02-11 12:00:00+03:00,4.76125
2018-02-11 13:00:00+03:00,4.18625
2018-02-11 14:00:00+03:00,4.054583333
2018-02-11 15:00:00+03:00,4.177083333
2018-02-11 16:00:00+03:00,3.983333333
2018-02-11 17:00:00+03:00,4.082083333
2018-02-11 18:00:00+03:00,4.18625
2018-02-11 19:00:00+03:00,8.085
2018-02-11 20:00:00+03:00,5.384166667
2018-02-11 21:00:00+03:00,4.869285714
2018-02-11 22:00:00+03:00,4.492142857
2018-02-11 23:00:00+03:00,4.442307692
2018-02-12 00:00:00+03:00,4.338571429
2018-02-12 01:00:00+03:00,3.863846154
2018-02-12 02:00:00+03:00,3.535714286
2018-02-12 03:00:00+03:00,3.19
2018-02-12 04:00:00+03:00,3.422173913
2018-02-12 05:00:00+03:00,3.347083333
2018-02-12 06:00:00+03:00,3.402916667
2018-02-12 07:00:00+03:00,3.23
2018-02-12 08:00:00+03:00,3.583333333
2018-02-12 09:00:00+03:00,4.146521739
2018-02-12 10:00:00+03:00,3.3075
2018-02-12 11:00:00+03:00,2.904166667
2018-02-12 12:00:00+03:00,2.822916667
2018-02-12 13:00:00+03:00,2.835416667
2018-02-12 14:00:00+03:00,3.408333333
2018-02-12 15:00:00+03:00,2.797916667
2018-02-12 16:00:00+03:00,2.832083333
2018-02-12 17:00:00+03:00,3.131666667
2018-02-12 18:00:00+03:00,3.56625
2018-02-12 19:00:00+03:00,4.29
2018-02-12 20:00:00+03:00,4.095416667
2018-02-12 21:00:00+03:00,3.810416667
2018-02-12 22:00:00+03:00,3.546666667
2018-02-12 23:00:00+03:00,3.638333333
2018-02-13 00:00:00+03:00,3.518333333
2018-02-13 01:00:00+03:00,3.5025
2018-02-13 02:00:00+03:00,3.35
2018-02-13 03:00:00+03:00,3.489583333
2018-02-13 04:00:00+03:00,3.362916667
2018-02-13 05:00:00+03:00,3.410416667
2018-02-13 06:00:00+03:00,3.485833333
2018-02-13 07:00:00+03:00,3.199583333
2018-02-13 08:00:00+03:00,3.589583333
2018-02-13 09:00:00+03:00,5.51875
2018-02-13 10:00:00+03:00,3.380434783
2018-02-13 11:00:00+03:00,3.754583333
2018-02-13 12:00:00+03:00,3.056571429
2018-02-13 13:00:00+03:00,2.884722222
2018-02-13 14:00:00+03:00,2.989166667
2018-02-13 15:00:00+03:00,2.742777778
2018-02-13 16:00:00+03:00,2.922857143
2018-02-13 17:00:00+03:00,2.896666667
2018-02-13 18:00:00+03:00,3.398285714
2018-02-13 19:00:00+03:00,3.508648649
2018-02-13 20:00:00+03:00,3.224
2018-02-13 21:00:00+03:00,3.265405405
2018-02-13 22:00:00+03:00,3.394444444
2018-02-13 23:00:00+03:00,3.343333333
2018-02-14 00:00:00+03:00,3.554571429
2018-02-14 01:00:00+03:00,3.358055556
2018-02-14 02:00:00+03:00,2.998888889
2018-02-14 03:00:00+03:00,2.951666667
2018-02-14 04:00:00+03:00,3.31
2018-02-14 05:00:00+03:00,3.486944444
2018-02-14 06:00:00+03:00,5.110555556
2018-02-14 07:00:00+03:00,8.928108108
2018-02-14 08:00:00+03:00,10.52771429
2018-02-14 09:00:00+03:00,13.71371429
2018-02-14 10:00:00+03:00,5.578285714
2018-02-14 11:00:00+03:00,2.81
2018-02-14 12:00:00+03:00,1.43
2018-02-14 13:00:00+03:00,1.37375
2018-02-14 14:00:00+03:00,1.798333333
2018-02-14 15:00:00+03:00,1.888857143
2018-02-14 16:00:00+03:00,1.811904762
2018-02-14 17:00:00+03:00,1.841666667
2018-02-14 18:00:00+03:00,2.523611111
2018-02-14 19:00:00+03:00,4.080277778
2018-02-14 20:00:00+03:00,5.785833333
2018-02-14 21:00:00+03:00,5.949722222
2018-02-14 22:00:00+03:00,4.718611111
2018-02-14 23:00:00+03:00,4.432
2018-02-15 00:00:00+03:00,2.201944444
2018-02-15 01:00:00+03:00,2.1375
2018-02-15 02:00:00+03:00,2.577777778
2018-02-15 03:00:00+03:00,4.993055556
2018-02-15 04:00:00+03:00,12.60027778
2018-02-15 05:00:00+03:00,15.41944444
2018-02-15 06:00:00+03:00,22.91555556
2018-02-15 07:00:00+03:00,28.72555556
2018-02-15 08:00:00+03:00,23.83944444
2018-02-15 09:00:00+03:00,10.35085714
2018-02-15 10:00:00+03:00,5.262222222
2018-02-15 11:00:00+03:00,5.386
2018-02-15 12:00:00+03:00,6.05
2018-02-15 13:00:00+03:00,2.826
2018-02-15 14:00:00+03:00,1.928333333
2018-02-15 15:00:00+03:00,1.9075
2018-02-15 16:00:00+03:00,1.607777778
2018-02-15 17:00:00+03:00,1.494722222
2018-02-15 18:00:00+03:00,1.704444444
2018-02-15 19:00:00+03:00,1.64
2018-02-15 20:00:00+03:00,1.810555556
2018-02-15 21:00:00+03:00,1.6625
2018-02-15 22:00:00+03:00,1.420833333
2018-02-15 23:00:00+03:00,1.205
2018-02-16 00:00:00+03:00,1.155833333
2018-02-16 01:00:00+03:00,1.092777778
2018-02-16 02:00:00+03:00,1.078888889
2018-02-16 03:00:00+03:00,1.074722222
2018-02-16 04:00:00+03:00,1.150833333
2018-02-16 05:00:00+03:00,1.253333333
2018-02-16 06:00:00+03:00,1.328333333
2018-02-16 07:00:00+03:00,1.385833333
2018-02-16 08:00:00+03:00,1.316388889
2018-02-16 09:00:00+03:00,1.324444444
2018-02-16 10:00:00+03:00,1.281388889
2018-02-16 11:00:00+03:00,1.419714286
2018-02-16 12:00:00+03:00,1.6775
2018-02-16 13:00:00+03:00,2.096944444
2018-02-16 14:00:00+03:00,1.860571429
2018-02-16 15:00:00+03:00,2.024857143
2018-02-16 16:00:00+03:00,1.954444444
2018-02-16 17:00:00+03:00,2.293333333
2018-02-16 18:00:00+03:00,2.655555556
2018-02-16 19:00:00+03:00,2.535833333
2018-02-16 20:00:00+03:00,2.723611111
2018-02-16 21:00:00+03:00,2.763055556
2018-02-16 22:00:00+03:00,2.633611111
2018-02-16 23:00:00+03:00,2.566666667
2018-02-17 00:00:00+03:00,2.716666667
2018-02-17 01:00:00+03:00,3.12
2018-02-17 02:00:00+03:00,3.545833333
2018-02-17 03:00:00+03:00,3.341944444
2018-02-17 04:00:00+03:00,3.446666667
2018-02-17 05:00:00+03:00,3.532222222
2018-02-17 06:00:00+03:00,3.701388889
2018-02-17 07:00:00+03:00,3.105714286
2018-02-17 08:00:00+03:00,2.581142857
2018-02-17 09:00:00+03:00,3.037222222
2018-02-17 10:00:00+03:00,6.280833333
2018-02-17 11:00:00+03:00,3.949722222
2018-02-17 12:00:00+03:00,3.081428571
2018-02-17 13:00:00+03:00,4.0125
2018-02-17 14:00:00+03:00,2.860833333
2018-02-17 15:00:00+03:00,2.712222222
2018-02-17 16:00:00+03:00,2.728888889
2018-02-17 17:00:00+03:00,2.670555556
2018-02-17 18:00:00+03:00,2.735
2018-02-17 19:00:00+03:00,2.7975
2018-02-17 20:00:00+03:00,2.893888889
2018-02-17 21:00:00+03:00,4.367857143
2018-02-17 22:00:00+03:00,3.3556
2018-02-17 23:00:00+03:00,2.823076923
2018-02-18 00:00:00+03:00,2.8204
2018-02-18 01:00:00+03:00,2.981538462
2018-02-18 02:00:00+03:00,2.8684
2018-02-18 03:00:00+03:00,2.976923077
2018-02-18 04:00:00+03:00,2.681290323
2018-02-18 05:00:00+03:00,2.759166667
2018-02-18 06:00:00+03:00,8.160277778
2018-02-18 07:00:00+03:00,24.46583333
2018-02-18 08:00:00+03:00,23.83138889
2018-02-18 09:00:00+03:00,9.184722222
2018-02-18 10:00:00+03:00,4.981944444
2018-02-18 11:00:00+03:00,3.251944444
2018-02-18 12:00:00+03:00,2.694722222
2018-02-18 13:00:00+03:00,2.33
2018-02-18 14:00:00+03:00,2.442777778
2018-02-18 15:00:00+03:00,2.313611111
2018-02-18 16:00:00+03:00,2.028333333
2018-02-18 17:00:00+03:00,2.228
2018-02-18 18:00:00+03:00,2.378611111
2018-02-18 19:00:00+03:00,2.617222222
2018-02-18 20:00:00+03:00,2.356944444
2018-02-18 21:00:00+03:00,2.246944444
2018-02-18 22:00:00+03:00,2.428611111
2018-02-18 23:00:00+03:00,2.589722222
2018-02-19 00:00:00+03:00,2.471944444
2018-02-19 01:00:00+03:00,2.460833333
2018-02-19 02:00:00+03:00,2.407222222
2018-02-19 03:00:00+03:00,2.322777778
2018-02-19 04:00:00+03:00,2.968888889
2018-02-19 05:00:00+03:00,6.827222222
2018-02-19 06:00:00+03:00,8.786944444
2018-02-19 07:00:00+03:00,11.16361111
2018-02-19 08:00:00+03:00,9.798055556
2018-02-19 09:00:00+03:00,4.476666667
2018-02-19 10:00:00+03:00,2.424444444
2018-02-19 11:00:00+03:00,2.024722222
2018-02-19 12:00:00+03:00,2.587647059
2018-02-19 13:00:00+03:00,2.393235294
2018-02-19 14:00:00+03:00,2.02
2018-02-19 15:00:00+03:00,2.114242424
2018-02-19 16:00:00+03:00,2.034444444
2018-02-19 17:00:00+03:00,1.709722222
2018-02-19 18:00:00+03:00,2.624166667
2018-02-19 19:00:00+03:00,6.095
2018-02-19 20:00:00+03:00,5.474444444
2018-02-19 21:00:00+03:00,3.737428571
2018-02-19 22:00:00+03:00,4.274571429
2018-02-19 23:00:00+03:00,4.157777778
2018-02-20 00:00:00+03:00,3.236111111
2018-02-20 01:00:00+03:00,1.631944444
2018-02-20 02:00:00+03:00,1.953333333
2018-02-20 03:00:00+03:00,3.008055556
2018-02-20 04:00:00+03:00,5.503055556
2018-02-20 05:00:00+03:00,6.966111111
2018-02-20 06:00:00+03:00,13.69054054
2018-02-20 07:00:00+03:00,18.41942857
2018-02-20 08:00:00+03:00,14.54027778
2018-02-20 09:00:00+03:00,9.144857143
2018-02-20 10:00:00+03:00,2.563611111
2018-02-20 11:00:00+03:00,1.489722222
2018-02-20 12:00:00+03:00,2.581111111
2018-02-20 13:00:00+03:00,1.696666667
2018-02-20 14:00:00+03:00,1.253333333
2018-02-20 15:00:00+03:00,1.024
2018-02-20 16:00:00+03:00,0.904
2018-02-20 17:00:00+03:00,1.163333333
2018-02-20 18:00:00+03:00,1.201666667
2018-02-20 19:00:00+03:00,1.494722222
2018-02-20 20:00:00+03:00,2.790571429
2018-02-20 21:00:00+03:00,2.675277778
2018-02-20 22:00:00+03:00,1.669444444
2018-02-20 23:00:00+03:00,2.488888889
2018-02-21 00:00:00+03:00,0.8127777778
2018-02-21 01:00:00+03:00,0.7591666667
2018-02-21 02:00:00+03:00,0.7738888889
2018-02-21 03:00:00+03:00,1.256111111
2018-02-21 04:00:00+03:00,1.384722222
2018-02-21 05:00:00+03:00,2.677222222
2018-02-21 06:00:00+03:00,10.38416667
2018-02-21 07:00:00+03:00,12.42833333
2018-02-21 08:00:00+03:00,10.54388889
2018-02-21 09:00:00+03:00,5.479722222
2018-02-21 10:00:00+03:00,5.391714286
2018-02-21 11:00:00+03:00,5.295555556
2018-02-21 12:00:00+03:00,2.239411765
2018-02-21 13:00:00+03:00,1.5525
2018-02-21 14:00:00+03:00,1.447142857
2018-02-21 15:00:00+03:00,1.325428571
2018-02-21 16:00:00+03:00,1.37030303
2018-02-21 17:00:00+03:00,1.071666667
2018-02-21 18:00:00+03:00,1.141081081
2018-02-21 19:00:00+03:00,1.359666667
2018-02-21 20:00:00+03:00,1.7975
2018-02-21 21:00:00+03:00,1.98
2018-02-21 22:00:00+03:00,1.98
2018-02-21 23:00:00+03:00,1.776666667
2018-02-22 00:00:00+03:00,1.275555556
2018-02-22 01:00:00+03:00,1.282777778
2018-02-22 02:00:00+03:00,1.283333333
2018-02-22 03:00:00+03:00,1.363333333
2018-02-22 04:00:00+03:00,1.526388889
2018-02-22 05:00:00+03:00,1.815833333
2018-02-22 06:00:00+03:00,2.315833333
2018-02-22 07:00:00+03:00,2.938333333
2018-02-22 08:00:00+03:00,2.875555556
2018-02-22 09:00:00+03:00,2.699166667
2018-02-22 10:00:00+03:00,2.085277778
2018-02-22 11:00:00+03:00,2.0525
2018-02-22 12:00:00+03:00,2.340555556
2018-02-22 13:00:00+03:00,2.912
2018-02-22 14:00:00+03:00,2.407777778
2018-02-22 15:00:00+03:00,2.399142857
2018-02-22 16:00:00+03:00,2.8925
2018-02-22 17:00:00+03:00,3.247222222
2018-02-22 18:00:00+03:00,3.977777778
2018-02-22 19:00:00+03:00,5.038611111
2018-02-22 20:00:00+03:00,5.241388889
2018-02-22 21:00:00+03:00,5.706111111
2018-02-22 22:00:00+03:00,6.371111111
2018-02-22 23:00:00+03:00,6.954444444
2018-02-23 00:00:00+03:00,6.666388889
2018-02-23 01:00:00+03:00,6.722777778
2018-02-23 02:00:00+03:00,7.420277778
2018-02-23 03:00:00+03:00,8.200833333
2018-02-23 04:00:00+03:00,8.115277778
2018-02-23 05:00:00+03:00,8.670277778
2018-02-23 06:00:00+03:00,9.300555556
2018-02-23 07:00:00+03:00,8.606666667
2018-02-23 08:00:00+03:00,7.329722222
2018-02-23 09:00:00+03:00,6.386176471
2018-02-23 10:00:00+03:00,6.224411765
2018-02-23 11:00:00+03:00,6.548333333
2018-02-23 12:00:00+03:00,6.7378125
2018-02-23 13:00:00+03:00,7.514571429
2018-02-23 14:00:00+03:00,7.307941176
2018-02-23 15:00:00+03:00,6.935833333
2018-02-23 16:00:00+03:00,7.151111111
2018-02-23 17:00:00+03:00,6.850277778
2018-02-23 18:00:00+03:00,7.103142857
2018-02-23 19:00:00+03:00,7.8925
2018-02-23 20:00:00+03:00,8.639722222
2018-02-23 21:00:00+03:00,8.635
2018-02-23 22:00:00+03:00,8.417222222
2018-02-23 23:00:00+03:00,8.082777778
2018-02-24 00:00:00+03:00,7.581388889
2018-02-24 01:00:00+03:00,6.902222222
2018-02-24 02:00:00+03:00,6.759166667
2018-02-24 03:00:00+03:00,7.264722222
2018-02-24 04:00:00+03:00,7.019722222
2018-02-24 05:00:00+03:00,6.765277778
2018-02-24 06:00:00+03:00,6.935833333
2018-02-24 07:00:00+03:00,7.638611111
2018-02-24 08:00:00+03:00,5.767222222
2018-02-24 09:00:00+03:00,5.030555556
2018-02-24 10:00:00+03:00,5.090555556
2018-02-24 11:00:00+03:00,5.526666667
2018-02-24 12:00:00+03:00,5.781111111
2018-02-24 13:00:00+03:00,6.548611111
2018-02-24 14:00:00+03:00,6.4675
2018-02-24 15:00:00+03:00,6.563055556
2018-02-24 16:00:00+03:00,6.499444444
2018-02-24 17:00:00+03:00,6.167222222
2018-02-24 18:00:00+03:00,6.716944444
2018-02-24 19:00:00+03:00,6.551944444
2018-02-24 20:00:00+03:00,6.762777778
2018-02-24 21:00:00+03:00,6.975
2018-02-24 22:00:00+03:00,6.843529412
2018-02-24 23:00:00+03:00,6.654516129
2018-02-25 00:00:00+03:00,6.921388889
2018-02-25 01:00:00+03:00,7.111944444
2018-02-25 02:00:00+03:00,7.244722222
2018-02-25 03:00:00+03:00,7.269166667
2018-02-25 04:00:00+03:00,7.255555556
2018-02-25 05:00:00+03:00,7.089722222
2018-02-25 06:00:00+03:00,7.081666667
2018-02-25 07:00:00+03:00,7.037222222
2018-02-25 08:00:00+03:00,6.133611111
2018-02-25 09:00:00+03:00,5.696944444
2018-02-25 10:00:00+03:00,6.136666667
2018-02-25 11:00:00+03:00,6.253333333
2018-02-25 12:00:00+03:00,6.550277778
2018-02-25 13:00:00+03:00,7.292777778
2018-02-25 14:00:00+03:00,7.125833333
2018-02-25 15:00:00+03:00,6.745294118
2018-02-25 16:00:00+03:00,6.197333333
2018-02-25 17:00:00+03:00,5.772
2018-02-25 18:00:00+03:00,5.663571429
2018-02-25 19:00:00+03:00,6.298571429
2018-02-25 20:00:00+03:00,6.3
2018-02-25 21:00:00+03:00,5.536923077
2018-02-25 22:00:00+03:00,5.189166667
2018-02-25 23:00:00+03:00,5.154722222
2018-02-26 00:00:00+03:00,4.940571429
2018-02-26 01:00:00+03:00,5.048055556
2018-02-26 02:00:00+03:00,4.923888889
2018-02-26 03:00:00+03:00,4.7225
2018-02-26 04:00:00+03:00,4.701388889
2018-02-26 05:00:00+03:00,4.938055556
2018-02-26 06:00:00+03:00,5.297777778
2018-02-26 07:00:00+03:00,4.652222222
2018-02-26 08:00:00+03:00,4.071666667
2018-02-26 09:00:00+03:00,9.775833333
2018-02-26 10:00:00+03:00,6.7725
2018-02-26 11:00:00+03:00,4.448055556
2018-02-26 12:00:00+03:00,4.065142857
2018-02-26 13:00:00+03:00,4.434
2018-02-26 14:00:00+03:00,4.8624
2018-02-26 15:00:00+03:00,4.7884
2018-02-26 16:00:00+03:00,4.169615385
2018-02-26 17:00:00+03:00,4.1152
2018-02-26 18:00:00+03:00,4.544615385
2018-02-26 19:00:00+03:00,5.33
2018-02-26 20:00:00+03:00,4.019411765
2018-02-26 21:00:00+03:00,3.854722222
2018-02-26 22:00:00+03:00,3.784166667
2018-02-26 23:00:00+03:00,4.715833333
2018-02-27 00:00:00+03:00,4.234444444
2018-02-27 01:00:00+03:00,3.8925
2018-02-27 02:00:00+03:00,2.962777778
2018-02-27 03:00:00+03:00,3.055277778
2018-02-27 04:00:00+03:00,13.84333333
2018-02-27 05:00:00+03:00,21.12194444
2018-02-27 06:00:00+03:00,25.4875
2018-02-27 07:00:00+03:00,28.81722222
2018-02-27 08:00:00+03:00,24.28722222
2018-02-27 09:00:00+03:00,12.27857143
2018-02-27 10:00:00+03:00,5.62
2018-02-27 11:00:00+03:00,3.209142857
2018-02-27 12:00:00+03:00,2.250285714
2018-02-27 13:00:00+03:00,2.283783784
2018-02-27 14:00:00+03:00,2.339318182
2018-02-27 15:00:00+03:00,2.619302326
2018-02-27 16:00:00+03:00,2.825869565
2018-02-27 17:00:00+03:00,2.660416667
2018-02-27 18:00:00+03:00,2.280833333
2018-02-27 19:00:00+03:00,2.418333333
2018-02-27 20:00:00+03:00,2.322826087
2018-02-27 21:00:00+03:00,2.186875
2018-02-27 22:00:00+03:00,2.181489362
2018-02-27 23:00:00+03:00,2.119130435
2018-02-28 00:00:00+03:00,1.891086957
2018-02-28 01:00:00+03:00,1.974583333
2018-02-28 02:00:00+03:00,1.963043478
2018-02-28 03:00:00+03:00,1.780833333
2018-02-28 04:00:00+03:00,1.916458333
2018-02-28 05:00:00+03:00,1.833958333
2018-02-28 06:00:00+03:00,2.144166667
2018-02-28 07:00:00+03:00,5.53875
2018-02-28 08:00:00+03:00,7.570625
2018-02-28 09:00:00+03:00,3.342553191
2018-02-28 10:00:00+03:00,2.614666667
2018-02-28 11:00:00+03:00,2.9765
2018-02-28 12:00:00+03:00,2.6475
2018-02-28 13:00:00+03:00,3.358
2018-02-28 14:00:00+03:00,3.609
2018-02-28 15:00:00+03:00,2.50575
2018-02-28 16:00:00+03:00,2.06097561
2018-02-28 17:00:00+03:00,2.125
2018-02-28 18:00:00+03:00,2.604791667
2018-02-28 19:00:00+03:00,2.154615385
2018-02-28 20:00:00+03:00,2.215897436
2018-02-28 21:00:00+03:00,2.417291667
2018-02-28 22:00:00+03:00,2.245833333
2018-02-28 23:00:00+03:00,2.598333333
2018-03-01 00:00:00+03:00,2.255416667
2018-03-01 01:00:00+03:00,2.172083333
2018-03-01 02:00:00+03:00,2.457291667
2018-03-01 03:00:00+03:00,2.426382979
2018-03-01 04:00:00+03:00,2.608139535
2018-03-01 05:00:00+03:00,2.713469388
2018-03-01 06:00:00+03:00,3.278333333
2018-03-01 07:00:00+03:00,3.849375
2018-03-01 08:00:00+03:00,5.051621622
2018-03-01 09:00:00+03:00,4.749444444
2018-03-01 10:00:00+03:00,2.969069767
2018-03-01 11:00:00+03:00,3.010444444
2018-03-01 12:00:00+03:00,3.855625
2018-03-01 13:00:00+03:00,4.776052632
2018-03-01 14:00:00+03:00,5.498857143
2018-03-01 15:00:00+03:00,4.91627907
2018-03-01 16:00:00+03:00,7.384782609
2018-03-01 17:00:00+03:00,5.314482759
2018-03-01 18:00:00+03:00,4.395882353
2018-03-01 19:00:00+03:00,2.598
2018-03-01 20:00:00+03:00,4.323421053
2018-03-01 21:00:00+03:00,4.209459459
2018-03-01 22:00:00+03:00,5.678888889
2018-03-01 23:00:00+03:00,7.911578947
2018-03-02 00:00:00+03:00,12.37895833
2018-03-02 01:00:00+03:00,14.90666667
2018-03-02 02:00:00+03:00,9.970625
2018-03-02 03:00:00+03:00,6.345833333
2018-03-02 04:00:00+03:00,8.27893617
2018-03-02 05:00:00+03:00,23.52958333
2018-03-02 06:00:00+03:00,15.4775
2018-03-02 07:00:00+03:00,18.79680851
2018-03-02 08:00:00+03:00,17.95414634
2018-03-02 09:00:00+03:00,9.150571429
2018-03-02 10:00:00+03:00,4.784102564
2018-03-02 11:00:00+03:00,3.457631579
2018-03-02 12:00:00+03:00,3.395714286
2018-03-02 13:00:00+03:00,3.218709677
2018-03-02 14:00:00+03:00,3.429111111
2018-03-02 15:00:00+03:00,4.111842105
2018-03-02 16:00:00+03:00,4.29
2018-03-02 17:00:00+03:00,4.512553191
2018-03-02 18:00:00+03:00,4.883333333
2018-03-02 19:00:00+03:00,5.885319149
2018-03-02 20:00:00+03:00,7.064166667
2018-03-02 21:00:00+03:00,5.968541667
2018-03-02 22:00:00+03:00,5.671458333
2018-03-02 23:00:00+03:00,4.419791667
2018-03-03 00:00:00+03:00,3.930416667
2018-03-03 01:00:00+03:00,3.584166667
2018-03-03 02:00:00+03:00,3.235833333
2018-03-03 03:00:00+03:00,2.936458333
2018-03-03 04:00:00+03:00,2.535625
2018-03-03 05:00:00+03:00,4.254791667
2018-03-03 06:00:00+03:00,5.999583333
2018-03-03 07:00:00+03:00,7.408125
2018-03-03 08:00:00+03:00,8.058478261
2018-03-03 09:00:00+03:00,7.927916667
2018-03-03 10:00:00+03:00,22.69851064
2018-03-03 11:00:00+03:00,11.79458333
2018-03-03 12:00:00+03:00,7.023076923
2018-03-03 13:00:00+03:00,4.868333333
2018-03-03 14:00:00+03:00,5.225714286
2018-03-03 15:00:00+03:00,4.888235294
2018-03-03 16:00:00+03:00,5.309655172
2018-03-03 17:00:00+03:00,3.907941176
2018-03-03 18:00:00+03:00,2.980625
2018-03-03 19:00:00+03:00,2.718387097
2018-03-03 20:00:00+03:00,9.458636364
2018-03-03 21:00:00+03:00,10.19414634
2018-03-03 22:00:00+03:00,13.25945946
2018-03-03 23:00:00+03:00,4.116153846
2018-03-04 00:00:00+03:00,3.27787234
2018-03-04 01:00:00+03:00,4.945625
2018-03-04 02:00:00+03:00,5.077291667
2018-03-04 03:00:00+03:00,3.180416667
2018-03-04 04:00:00+03:00,2.449791667
2018-03-04 05:00:00+03:00,4.977291667
2018-03-04 06:00:00+03:00,4.599791667
2018-03-04 07:00:00+03:00,6.319166667
2018-03-04 08:00:00+03:00,6.661914894
2018-03-04 09:00:00+03:00,4.411276596
2018-03-04 10:00:00+03:00,3.0125
2018-03-04 11:00:00+03:00,2.617391304
2018-03-04 12:00:00+03:00,1.368043478
2018-03-04 13:00:00+03:00,1.574583333
2018-03-04 14:00:00+03:00,1.608723404
2018-03-04 15:00:00+03:00,2.167560976
2018-03-04 16:00:00+03:00,2.30375
2018-03-04 17:00:00+03:00,3.268536585
2018-03-04 18:00:00+03:00,3.751190476
2018-03-04 19:00:00+03:00,3.23195122
2018-03-04 20:00:00+03:00,4.776511628
2018-03-04 21:00:00+03:00,5.6425
2018-03-04 22:00:00+03:00,5.15
2018-03-04 23:00:00+03:00,4.253243243
2018-03-05 00:00:00+03:00,2.8265
2018-03-05 01:00:00+03:00,3.913333333
2018-03-05 02:00:00+03:00,4.860416667
2018-03-05 03:00:00+03:00,4.521041667
2018-03-05 04:00:00+03:00,4.711702128
2018-03-05 05:00:00+03:00,4.591041667
2018-03-05 06:00:00+03:00,7.068666667
2018-03-05 07:00:00+03:00,13.24619048
2018-03-05 08:00:00+03:00,14.5402381
2018-03-05 09:00:00+03:00,7.876585366
2018-03-05 10:00:00+03:00,5.975581395
2018-03-05 11:00:00+03:00,5.666956522
2018-03-05 12:00:00+03:00,4.541914894
2018-03-05 13:00:00+03:00,4.688888889
2018-03-05 14:00:00+03:00,3.905957447
2018-03-05 15:00:00+03:00,3.526363636
2018-03-05 16:00:00+03:00,3.413333333
2018-03-05 17:00:00+03:00,2.769
2018-03-05 18:00:00+03:00,2.959545455
2018-03-05 19:00:00+03:00,4.04097561
2018-03-05 20:00:00+03:00,4.642222222
2018-03-05 21:00:00+03:00,4.106944444
2018-03-05 22:00:00+03:00,4.743055556
2018-03-05 23:00:00+03:00,8.101111111
2018-03-06 00:00:00+03:00,9.393055556
2018-03-06 01:00:00+03:00,7.227560976
2018-03-06 02:00:00+03:00,6.438139535
2018-03-06 03:00:00+03:00,7.306190476
2018-03-06 04:00:00+03:00,7.385121951
2018-03-06 05:00:00+03:00,6.594090909
2018-03-06 06:00:00+03:00,11.95804348
2018-03-06 07:00:00+03:00,11.31755556
2018-03-06 08:00:00+03:00,8.827297297
2018-03-06 09:00:00+03:00,8.280714286
2018-03-06 10:00:00+03:00,4.837555556
2018-03-06 11:00:00+03:00,2.904
2018-03-06 12:00:00+03:00,3.429111111
2018-03-06 13:00:00+03:00,3.590222222
2018-03-06 14:00:00+03:00,3.579047619
2018-03-06 15:00:00+03:00,5.258857143
2018-03-06 16:00:00+03:00,7.088235294
2018-03-06 17:00:00+03:00,8.399189189
2018-03-06 18:00:00+03:00,8.397021277
2018-03-06 19:00:00+03:00,9.180416667
2018-03-06 20:00:00+03:00,10.69
2018-03-06 21:00:00+03:00,11.97318182
2018-03-06 22:00:00+03:00,12.125
2018-03-06 23:00:00+03:00,13.05489362
2018-03-07 00:00:00+03:00,13.70208333
2018-03-07 01:00:00+03:00,14.026875
2018-03-07 02:00:00+03:00,14.075625
2018-03-07 03:00:00+03:00,15.03583333
2018-03-07 04:00:00+03:00,14.64208333
2018-03-07 05:00:00+03:00,14.61183673
2018-03-07 06:00:00+03:00,15.220625
2018-03-07 07:00:00+03:00,14.26319149
2018-03-07 08:00:00+03:00,14.32574468
2018-03-07 09:00:00+03:00,14.83446809
2018-03-07 10:00:00+03:00,14.8572093
2018-03-07 11:00:00+03:00,15.05444444
2018-03-07 12:00:00+03:00,14.21744681
2018-03-07 13:00:00+03:00,12.54093023
2018-03-07 14:00:00+03:00,12.41235294
2018-03-07 15:00:00+03:00,12.87878788
2018-03-07 16:00:00+03:00,11.1516129
2018-03-07 17:00:00+03:00,10.98375
2018-03-07 18:00:00+03:00,10.32615385
2018-03-07 19:00:00+03:00,10.48269231
2018-03-07 20:00:00+03:00,5.304615385
2018-03-07 21:00:00+03:00,5.724
2018-03-07 22:00:00+03:00,7.076
2018-03-07 23:00:00+03:00,7.939230769
2018-03-08 00:00:00+03:00,10.0844
2018-03-08 01:00:00+03:00,9.667058824
2018-03-08 02:00:00+03:00,14.31055556
2018-03-08 03:00:00+03:00,16.39083333
2018-03-08 04:00:00+03:00,11.62864865
2018-03-08 05:00:00+03:00,8.669166667
2018-03-08 06:00:00+03:00,7.874444444
2018-03-08 07:00:00+03:00,9.058888889
2018-03-08 08:00:00+03:00,9.192285714
2018-03-08 09:00:00+03:00,10.6603125
2018-03-08 10:00:00+03:00,9.546285714
2018-03-08 11:00:00+03:00,10.41714286
2018-03-08 12:00:00+03:00,10.2
2018-03-08 13:00:00+03:00,10.00342857
2018-03-08 14:00:00+03:00,11.57970588
2018-03-08 15:00:00+03:00,14.75057143
2018-03-08 16:00:00+03:00,13.53147059
2018-03-08 17:00:00+03:00,12.24965517
2018-03-08 18:00:00+03:00,12.38846154
2018-03-08 19:00:00+03:00,11.56628571
2018-03-08 20:00:00+03:00,12.70677419
2018-03-08 21:00:00+03:00,10.8965625
2018-03-08 22:00:00+03:00,11.33885714
2018-03-08 23:00:00+03:00,10.54444444
2018-03-09 00:00:00+03:00,11.96
2018-03-09 01:00:00+03:00,11.44972222
2018-03-09 02:00:00+03:00,11.81138889
2018-03-09 03:00:00+03:00,11.47333333
2018-03-09 04:00:00+03:00,11.00111111
2018-03-09 05:00:00+03:00,7.662777778
2018-03-09 06:00:00+03:00,5.099166667
2018-03-09 07:00:00+03:00,8.464722222
2018-03-09 08:00:00+03:00,17.10617647
2018-03-09 09:00:00+03:00,14.11521739
2018-03-09 10:00:00+03:00,11.42894737
2018-03-09 11:00:00+03:00,11.137
2018-03-09 12:00:00+03:00,11.77416667
2018-03-09 13:00:00+03:00,11.70708333
2018-03-09 14:00:00+03:00,10.47787879
2018-03-09 15:00:00+03:00,11.51538462
2018-03-09 16:00:00+03:00,11.93677419
2018-03-09 17:00:00+03:00,12.26657143
2018-03-09 18:00:00+03:00,12.4959375
2018-03-09 19:00:00+03:00,11.27457143
2018-03-09 20:00:00+03:00,10.96216216
2018-03-09 21:00:00+03:00,10.70611111
2018-03-09 22:00:00+03:00,10.62666667
2018-03-09 23:00:00+03:00,9.525833333
2018-03-10 00:00:00+03:00,6.930588235
2018-03-10 01:00:00+03:00,5.610277778
2018-03-10 02:00:00+03:00,4.945652174
2018-03-10 03:00:00+03:00,4.716666667
2018-03-10 04:00:00+03:00,4.3975
2018-03-10 05:00:00+03:00,4.211666667
2018-03-10 06:00:00+03:00,4.023076923
2018-03-10 07:00:00+03:00,6.873103448
2018-03-10 08:00:00+03:00,4.378857143
2018-03-10 09:00:00+03:00,3.948709677
2018-03-10 10:00:00+03:00,3.8728
2018-03-10 11:00:00+03:00,3.817857143
2018-03-10 12:00:00+03:00,3.895483871
2018-03-10 13:00:00+03:00,4.270333333
2018-03-10 14:00:00+03:00,4.263
2018-03-10 15:00:00+03:00,4.700689655
2018-03-10 16:00:00+03:00,4.538888889
2018-03-10 17:00:00+03:00,4.776129032
2018-03-10 18:00:00+03:00,4.3315625
2018-03-10 19:00:00+03:00,4.981818182
2018-03-10 20:00:00+03:00,5.7532
2018-03-10 21:00:00+03:00,5.878461538
2018-03-10 22:00:00+03:00,7.7112
2018-03-10 23:00:00+03:00,8.3704
2018-03-11 00:00:00+03:00,8.9916
2018-03-11 01:00:00+03:00,8.218928571
2018-03-11 02:00:00+03:00,7.587272727
2018-03-11 03:00:00+03:00,7.77483871
2018-03-11 04:00:00+03:00,7.99
2018-03-11 05:00:00+03:00,5.456666667
2018-03-11 06:00:00+03:00,4.278148148
2018-03-11 07:00:00+03:00,5.79137931
2018-03-11 08:00:00+03:00,9.014230769
2018-03-11 09:00:00+03:00,6.985833333
2018-03-11 10:00:00+03:00,6.766666667
2018-03-11 11:00:00+03:00,6.194545455
2018-03-11 12:00:00+03:00,5.958333333
2018-03-11 13:00:00+03:00,6.208333333
2018-03-11 14:00:00+03:00,6.48
2018-03-11 15:00:00+03:00,6.368
2018-03-11 16:00:00+03:00,5.895882353
2018-03-11 17:00:00+03:00,5.682777778
2018-03-11 18:00:00+03:00,5.702285714
2018-03-11 19:00:00+03:00,6.618611111
2018-03-11 20:00:00+03:00,7.25
2018-03-11 21:00:00+03:00,7.676969697
2018-03-11 22:00:00+03:00,7.363333333
2018-03-11 23:00:00+03:00,7.204545455
2018-03-12 00:00:00+03:00,6.898125
2018-03-12 01:00:00+03:00,7.17
2018-03-12 02:00:00+03:00,7.044545455
2018-03-12 03:00:00+03:00,7.231818182
2018-03-12 04:00:00+03:00,7.5028
2018-03-12 05:00:00+03:00,7.433030303
2018-03-12 06:00:00+03:00,8.490588235
2018-03-12 07:00:00+03:00,10.93060606
2018-03-12 08:00:00+03:00,11.56242424
2018-03-12 09:00:00+03:00,13.23235294
2018-03-12 10:00:00+03:00,11.52466667
2018-03-12 11:00:00+03:00,6.51
2018-03-12 12:00:00+03:00,6.1359375
2018-03-12 13:00:00+03:00,9.694
2018-03-12 14:00:00+03:00,10.49931034
2018-03-12 15:00:00+03:00,12.23181818
2018-03-12 16:00:00+03:00,11.46823529
2018-03-12 17:00:00+03:00,12.20333333
2018-03-12 18:00:00+03:00,10.57916667
2018-03-12 19:00:00+03:00,17.2625
2018-03-12 20:00:00+03:00,21.672
2018-03-12 21:00:00+03:00,26.01818182
2018-03-12 22:00:00+03:00,26.43230769
2018-03-12 23:00:00+03:00,24.83423077
2018-03-13 00:00:00+03:00,25.03617647
2018-03-13 01:00:00+03:00,26.09472222
2018-03-13 02:00:00+03:00,42.13918919
2018-03-13 03:00:00+03:00,41.21916667
2018-03-13 04:00:00+03:00,12.82472222
2018-03-13 05:00:00+03:00,6.954722222
2018-03-13 06:00:00+03:00,6.565
2018-03-13 07:00:00+03:00,7.728888889
2018-03-13 08:00:00+03:00,7.303611111
2018-03-13 09:00:00+03:00,8.946060606
2018-03-13 10:00:00+03:00,4.354242424
2018-03-13 11:00:00+03:00,3.517
2018-03-13 12:00:00+03:00,3.517
2018-03-13 13:00:00+03:00,3.517
2018-03-13 14:00:00+03:00,3.517
2018-03-13 15:00:00+03:00,3.517
2018-03-13 16:00:00+03:00,3.517
2018-03-13 17:00:00+03:00,3.517
2018-03-13 18:00:00+03:00,3.517
2018-03-13 19:00:00+03:00,3.517
2018-03-13 20:00:00+03:00,3.517
2018-03-13 21:00:00+03:00,3.517
2018-03-13 22:00:00+03:00,3.517
2018-03-13 23:00:00+03:00,3.517
2018-03-14 00:00:00+03:00,3.517
2018-03-14 01:00:00+03:00,3.517
2018-03-14 02:00:00+03:00,3.517
2018-03-14 03:00:00+03:00,3.517
2018-03-14 04:00:00+03:00,3.517
2018-03-14 05:00:00+03:00,3.517
2018-03-14 06:00:00+03:00,3.517
2018-03-14 07:00:00+03:00,3.517
2018-03-14 08:00:00+03:00,3.517
2018-03-14 09:00:00+03:00,3.517
2018-03-14 10:00:00+03:00,4.397894737
2018-03-14 11:00:00+03:00,3.700857143
2018-03-14 12:00:00+03:00,3.493225806
2018-03-14 13:00:00+03:00,3.223703704
2018-03-14 14:00:00+03:00,2.623
2018-03-14 15:00:00+03:00,2.663703704
2018-03-14 16:00:00+03:00,2.220588235
2018-03-14 17:00:00+03:00,2.725
2018-03-14 18:00:00+03:00,4.819117647
2018-03-14 19:00:00+03:00,6.819677419
2018-03-14 20:00:00+03:00,6.389615385
2018-03-14 21:00:00+03:00,5.164827586
2018-03-14 22:00:00+03:00,5.243428571
2018-03-14 23:00:00+03:00,4.514
2018-03-15 00:00:00+03:00,4.051944444
2018-03-15 01:00:00+03:00,4.217777778
2018-03-15 02:00:00+03:00,4.522222222
2018-03-15 03:00:00+03:00,7.783888889
2018-03-15 04:00:00+03:00,10.90277778
2018-03-15 05:00:00+03:00,17.11972222
2018-03-15 06:00:00+03:00,19.2275
2018-03-15 07:00:00+03:00,19.94428571
2018-03-15 08:00:00+03:00,15.29970588
2018-03-15 09:00:00+03:00,10.613125
2018-03-15 10:00:00+03:00,5.947575758
2018-03-15 11:00:00+03:00,4.359666667
2018-03-15 12:00:00+03:00,3.058571429
2018-03-15 13:00:00+03:00,2.745882353
2018-03-15 14:00:00+03:00,4.293225806
2018-03-15 15:00:00+03:00,2.698666667
2018-03-15 16:00:00+03:00,5.017407407
2018-03-15 17:00:00+03:00,6.129677419
2018-03-15 18:00:00+03:00,10.83166667
2018-03-15 19:00:00+03:00,8.096666667
2018-03-15 20:00:00+03:00,4.0325
2018-03-15 21:00:00+03:00,3.364857143
2018-03-15 22:00:00+03:00,3.612222222
2018-03-15 23:00:00+03:00,2.547857143
2018-03-16 00:00:00+03:00,1.82862069
2018-03-16 01:00:00+03:00,3.865555556
2018-03-16 02:00:00+03:00,2.686111111
2018-03-16 03:00:00+03:00,2.107222222
2018-03-16 04:00:00+03:00,2.519166667
2018-03-16 05:00:00+03:00,2.854722222
2018-03-16 06:00:00+03:00,7.512777778
2018-03-16 07:00:00+03:00,11.49333333
2018-03-16 08:00:00+03:00,14.26742857
2018-03-16 09:00:00+03:00,7.949393939
2018-03-16 10:00:00+03:00,5.283333333
2018-03-16 11:00:00+03:00,4.243235294
2018-03-16 12:00:00+03:00,3.649310345
2018-03-16 13:00:00+03:00,2.765
2018-03-16 14:00:00+03:00,2.336551724
2018-03-16 15:00:00+03:00,2.419666667
2018-03-16 16:00:00+03:00,2.782580645
2018-03-16 17:00:00+03:00,3.6636
2018-03-16 18:00:00+03:00,5.08137931
2018-03-16 19:00:00+03:00,4.685833333
2018-03-16 20:00:00+03:00,3.074571429
2018-03-16 21:00:00+03:00,2.395
2018-03-16 22:00:00+03:00,2.4904
2018-03-16 23:00:00+03:00,3.06625
2018-03-17 00:00:00+03:00,4.123928571
2018-03-17 01:00:00+03:00,2.465555556
2018-03-17 02:00:00+03:00,1.906944444
2018-03-17 03:00:00+03:00,2.975
2018-03-17 04:00:00+03:00,2.190277778
2018-03-17 05:00:00+03:00,4.191388889
2018-03-17 06:00:00+03:00,2.846388889
2018-03-17 07:00:00+03:00,5.6775
2018-03-17 08:00:00+03:00,6.391111111
2018-03-17 09:00:00+03:00,4.926363636
2018-03-17 10:00:00+03:00,2.704857143
2018-03-17 11:00:00+03:00,1.572962963
2018-03-17 12:00:00+03:00,1.8004
2018-03-17 13:00:00+03:00,1.8092
2018-03-17 14:00:00+03:00,1.624583333
2018-03-17 15:00:00+03:00,2.038965517
2018-03-17 16:00:00+03:00,2.319117647
2018-03-17 17:00:00+03:00,1.591944444
2018-03-17 18:00:00+03:00,2.528235294
2018-03-17 19:00:00+03:00,1.824166667
2018-03-17 20:00:00+03:00,2.239428571
2018-03-17 21:00:00+03:00,1.956071429
2018-03-17 22:00:00+03:00,1.56
2018-03-17 23:00:00+03:00,1.531785714
2018-03-18 00:00:00+03:00,1.514166667
2018-03-18 01:00:00+03:00,1.452222222
2018-03-18 02:00:00+03:00,1.555714286
2018-03-18 03:00:00+03:00,2.145277778
2018-03-18 04:00:00+03:00,2.234166667
2018-03-18 05:00:00+03:00,2.477142857
2018-03-18 06:00:00+03:00,6.186666667
2018-03-18 07:00:00+03:00,7.316857143
2018-03-18 08:00:00+03:00,6.370833333
2018-03-18 09:00:00+03:00,4.989722222
2018-03-18 10:00:00+03:00,4.309714286
2018-03-18 11:00:00+03:00,3.895277778
2018-03-18 12:00:00+03:00,2.858611111
2018-03-18 13:00:00+03:00,2.421666667
2018-03-18 14:00:00+03:00,2.147941176
2018-03-18 15:00:00+03:00,2.425142857
2018-03-18 16:00:00+03:00,2.977297297
2018-03-18 17:00:00+03:00,2.4775
2018-03-18 18:00:00+03:00,5.521944444
2018-03-18 19:00:00+03:00,11.89971429
2018-03-18 20:00:00+03:00,18.74457143
2018-03-18 21:00:00+03:00,18.63777778
2018-03-18 22:00:00+03:00,9.063333333
2018-03-18 23:00:00+03:00,4.491470588
2018-03-19 00:00:00+03:00,3.395555556
2018-03-19 01:00:00+03:00,3.901111111
2018-03-19 02:00:00+03:00,4.154444444
2018-03-19 03:00:00+03:00,4.023888889
2018-03-19 04:00:00+03:00,5.286388889
2018-03-19 05:00:00+03:00,8.349142857
2018-03-19 06:00:00+03:00,10.67861111
2018-03-19 07:00:00+03:00,10.86222222
2018-03-19 08:00:00+03:00,16.8869697
2018-03-19 09:00:00+03:00,15.38454545
2018-03-19 10:00:00+03:00,14.8469697
2018-03-19 11:00:00+03:00,15.80172414
2018-03-19 12:00:00+03:00,16.37535714
2018-03-19 13:00:00+03:00,16.85588235
2018-03-19 14:00:00+03:00,17.71147059
2018-03-19 15:00:00+03:00,15.58272727
2018-03-19 16:00:00+03:00,13.25972222
2018-03-19 17:00:00+03:00,12.054
2018-03-19 18:00:00+03:00,15.36424242
2018-03-19 19:00:00+03:00,14.73470588
2018-03-19 20:00:00+03:00,15.01714286
2018-03-19 21:00:00+03:00,15.00125
2018-03-19 22:00:00+03:00,14.665
2018-03-19 23:00:00+03:00,13.60818182
2018-03-20 00:00:00+03:00,14.06611111
2018-03-20 01:00:00+03:00,12.92111111
2018-03-20 02:00:00+03:00,15.29222222
2018-03-20 03:00:00+03:00,15.53416667
2018-03-20 04:00:00+03:00,13.05
2018-03-20 05:00:00+03:00,14.34405405
2018-03-20 06:00:00+03:00,13.63055556
2018-03-20 07:00:00+03:00,16.01055556
2018-03-20 08:00:00+03:00,17.09885714
2018-03-20 09:00:00+03:00,13.87387097
2018-03-20 10:00:00+03:00,11.28103448
2018-03-20 11:00:00+03:00,10.5409375
2018-03-20 12:00:00+03:00,8.2225
2018-03-20 13:00:00+03:00,8.517619048
2018-03-20 14:00:00+03:00,9.321290323
2018-03-20 15:00:00+03:00,9.264375
2018-03-20 16:00:00+03:00,9.624857143
2018-03-20 17:00:00+03:00,8.268235294
2018-03-20 18:00:00+03:00,7.850833333
2018-03-20 19:00:00+03:00,7.915277778
2018-03-20 20:00:00+03:00,7.858611111
2018-03-20 21:00:00+03:00,7.9025
2018-03-20 22:00:00+03:00,7.999189189
2018-03-20 23:00:00+03:00,7.905
2018-03-21 00:00:00+03:00,7.693428571
2018-03-21 01:00:00+03:00,8.083333333
2018-03-21 02:00:00+03:00,8.392777778
2018-03-21 03:00:00+03:00,8.278888889
2018-03-21 04:00:00+03:00,8.5
2018-03-21 05:00:00+03:00,8.403888889
2018-03-21 06:00:00+03:00,9.071388889
2018-03-21 07:00:00+03:00,9.449428571
2018-03-21 08:00:00+03:00,8.061290323
2018-03-21 09:00:00+03:00,8.1724
2018-03-21 10:00:00+03:00,5.555416667
2018-03-21 11:00:00+03:00,6.583333333
2018-03-21 12:00:00+03:00,7.522962963
2018-03-21 13:00:00+03:00,7.841481481
2018-03-21 14:00:00+03:00,8.508928571
2018-03-21 15:00:00+03:00,9.233333333
2018-03-21 16:00:00+03:00,8.327931034
2018-03-21 17:00:00+03:00,8.295
2018-03-21 18:00:00+03:00,8.082903226
2018-03-21 19:00:00+03:00,8.628
2018-03-21 20:00:00+03:00,8.051666667
2018-03-21 21:00:00+03:00,9.132608696
2018-03-21 22:00:00+03:00,14.385
2018-03-21 23:00:00+03:00,17.9226087
2018-03-22 00:00:00+03:00,9.94125
2018-03-22 01:00:00+03:00,9.324583333
2018-03-22 02:00:00+03:00,8.685416667
2018-03-22 03:00:00+03:00,8.648333333
2018-03-22 04:00:00+03:00,8.1525
2018-03-22 05:00:00+03:00,10.18625
2018-03-22 06:00:00+03:00,17.99416667
2018-03-22 07:00:00+03:00,27.66333333
2018-03-22 08:00:00+03:00,25.18541667
2018-03-22 09:00:00+03:00,8.539166667
2018-03-22 10:00:00+03:00,9.054482759
2018-03-22 11:00:00+03:00,7.269285714
2018-03-22 12:00:00+03:00,6.410833333
2018-03-22 13:00:00+03:00,7.188461538
2018-03-22 14:00:00+03:00,8.736666667
2018-03-22 15:00:00+03:00,7.925555556
2018-03-22 16:00:00+03:00,6.36
2018-03-22 17:00:00+03:00,6.866923077
2018-03-22 18:00:00+03:00,7.100384615
2018-03-22 19:00:00+03:00,8.3375
2018-03-22 20:00:00+03:00,8.280833333
2018-03-22 21:00:00+03:00,8.364166667
2018-03-22 22:00:00+03:00,9.454583333
2018-03-22 23:00:00+03:00,8.0128
2018-03-23 00:00:00+03:00,8.223913043
2018-03-23 01:00:00+03:00,7.98
2018-03-23 02:00:00+03:00,10.1492
2018-03-23 03:00:00+03:00,9.015416667
2018-03-23 04:00:00+03:00,13.385
2018-03-23 05:00:00+03:00,31.3225
2018-03-23 06:00:00+03:00,42.64666667
2018-03-23 07:00:00+03:00,48.175
2018-03-23 08:00:00+03:00,31.05041667
2018-03-23 09:00:00+03:00,16.1625
2018-03-23 10:00:00+03:00,12.21
2018-03-23 11:00:00+03:00,8.947083333
2018-03-23 12:00:00+03:00,9.335416667
2018-03-23 13:00:00+03:00,9.74
2018-03-23 14:00:00+03:00,8.755
2018-03-23 15:00:00+03:00,9.348333333
2018-03-23 16:00:00+03:00,7.934166667
2018-03-23 17:00:00+03:00,8.383333333
2018-03-23 18:00:00+03:00,10.69833333
2018-03-23 19:00:00+03:00,16.19791667
2018-03-23 20:00:00+03:00,12.30875
2018-03-23 21:00:00+03:00,14.26458333
2018-03-23 22:00:00+03:00,35.45291667
2018-03-23 23:00:00+03:00,33.89791667
2018-03-24 00:00:00+03:00,27.97791667
2018-03-24 01:00:00+03:00,42.25875
2018-03-24 02:00:00+03:00,34.88416667
2018-03-24 03:00:00+03:00,21.84875
2018-03-24 04:00:00+03:00,23.8096
2018-03-24 05:00:00+03:00,30.11083333
2018-03-24 06:00:00+03:00,49.84666667
2018-03-24 07:00:00+03:00,33.13291667
2018-03-24 08:00:00+03:00,30.14375
2018-03-24 09:00:00+03:00,11.45458333
2018-03-24 10:00:00+03:00,12.02043478
2018-03-24 11:00:00+03:00,9.788695652
2018-03-24 12:00:00+03:00,3.780416667
2018-03-24 13:00:00+03:00,3.029583333
2018-03-24 14:00:00+03:00,3.3625
2018-03-24 15:00:00+03:00,4.5796
2018-03-24 16:00:00+03:00,4.203888889
2018-03-24 17:00:00+03:00,4.909166667
2018-03-24 18:00:00+03:00,4.817391304
2018-03-24 19:00:00+03:00,7.404583333
2018-03-24 20:00:00+03:00,7.919583333
2018-03-24 21:00:00+03:00,5.581666667
2018-03-24 22:00:00+03:00,4.61375
2018-03-24 23:00:00+03:00,4.995416667
2018-03-25 00:00:00+03:00,4.169583333
2018-03-25 01:00:00+03:00,10.55666667
2018-03-25 02:00:00+03:00,7.355416667
2018-03-25 03:00:00+03:00,14.38208333
2018-03-25 04:00:00+03:00,29.63708333
2018-03-25 05:00:00+03:00,23.49833333
2018-03-25 06:00:00+03:00,14.10916667
2018-03-25 07:00:00+03:00,8.19375
2018-03-25 08:00:00+03:00,6.940833333
2018-03-25 09:00:00+03:00,7.06875
2018-03-25 10:00:00+03:00,3.92375
2018-03-25 11:00:00+03:00,1.80875
2018-03-25 12:00:00+03:00,1.96125
2018-03-25 13:00:00+03:00,3.103333333
2018-03-25 14:00:00+03:00,4.598333333
2018-03-25 15:00:00+03:00,3.932608696
2018-03-25 16:00:00+03:00,2.831666667
2018-03-25 17:00:00+03:00,2.140416667
2018-03-25 18:00:00+03:00,3.102916667
2018-03-25 19:00:00+03:00,6.115833333
2018-03-25 20:00:00+03:00,6.167916667
2018-03-25 21:00:00+03:00,7.3
2018-03-25 22:00:00+03:00,5.4475
2018-03-25 23:00:00+03:00,5.082916667
2018-03-26 00:00:00+03:00,15.53583333
2018-03-26 01:00:00+03:00,14.79541667
2018-03-26 02:00:00+03:00,3.925416667
2018-03-26 03:00:00+03:00,8.37375
2018-03-26 04:00:00+03:00,4.890416667
2018-03-26 05:00:00+03:00,6.762916667
2018-03-26 06:00:00+03:00,34.45541667
2018-03-26 07:00:00+03:00,27.96416667
2018-03-26 08:00:00+03:00,12.99583333
2018-03-26 09:00:00+03:00,9.043333333
2018-03-26 10:00:00+03:00,5.381818182
2018-03-26 11:00:00+03:00,4.428181818
2018-03-26 12:00:00+03:00,4.9525
2018-03-26 13:00:00+03:00,4.482727273
2018-03-26 14:00:00+03:00,3.3475
2018-03-26 15:00:00+03:00,5.508181818
2018-03-26 16:00:00+03:00,3.655
2018-03-26 17:00:00+03:00,2.093636364
2018-03-26 18:00:00+03:00,2.738333333
2018-03-26 19:00:00+03:00,3.186666667
2018-03-26 20:00:00+03:00,3.355833333
2018-03-26 21:00:00+03:00,2.966666667
2018-03-26 22:00:00+03:00,3.441666667
2018-03-26 23:00:00+03:00,4.615833333
2018-03-27 00:00:00+03:00,7.098333333
2018-03-27 01:00:00+03:00,13.3925
2018-03-27 02:00:00+03:00,9.301666667
2018-03-27 03:00:00+03:00,11.775
2018-03-27 04:00:00+03:00,8.981666667
2018-03-27 05:00:00+03:00,8.18
2018-03-27 06:00:00+03:00,13.25916667
2018-03-27 07:00:00+03:00,20.76833333
2018-03-27 08:00:00+03:00,20.03666667
2018-03-27 09:00:00+03:00,13.9125
2018-03-27 10:00:00+03:00,8.09125
2018-03-27 11:00:00+03:00,2.97173913
2018-03-27 12:00:00+03:00,2.436666667
2018-03-27 13:00:00+03:00,2.191666667
2018-03-27 14:00:00+03:00,2.405
2018-03-27 15:00:00+03:00,1.730416667
2018-03-27 16:00:00+03:00,1.719090909
2018-03-27 17:00:00+03:00,2.577916667
2018-03-27 18:00:00+03:00,2.94625
2018-03-27 19:00:00+03:00,6.564166667
2018-03-27 20:00:00+03:00,9.7325
2018-03-27 21:00:00+03:00,5.934166667
2018-03-27 22:00:00+03:00,5.150833333
2018-03-27 23:00:00+03:00,8.292173913
2018-03-28 00:00:00+03:00,11.05166667
2018-03-28 01:00:00+03:00,26.36541667
2018-03-28 02:00:00+03:00,33.60052632
2018-03-28 03:00:00+03:00,31.39875
2018-03-28 04:00:00+03:00,15.02416667
2018-03-28 05:00:00+03:00,9.659166667
2018-03-28 06:00:00+03:00,10.51125
2018-03-28 07:00:00+03:00,19.73391304
2018-03-28 08:00:00+03:00,16.32041667
2018-03-28 09:00:00+03:00,11.07875
2018-03-28 10:00:00+03:00,7.725
2018-03-28 11:00:00+03:00,15.25590909
2018-03-28 12:00:00+03:00,9.8975
2018-03-28 13:00:00+03:00,11.4
2018-03-28 14:00:00+03:00,6.2024
2018-03-28 15:00:00+03:00,6.093076923
2018-03-28 16:00:00+03:00,9.566923077
2018-03-28 17:00:00+03:00,4.370833333
2018-03-28 18:00:00+03:00,4.75125
2018-03-28 19:00:00+03:00,4.591666667
2018-03-28 20:00:00+03:00,7.1975
2018-03-28 21:00:00+03:00,12.74916667
2018-03-28 22:00:00+03:00,11.91291667
2018-03-28 23:00:00+03:00,10.605
2018-03-29 00:00:00+03:00,8.132083333
2018-03-29 01:00:00+03:00,11.89
2018-03-29 02:00:00+03:00,33.558
2018-03-29 03:00:00+03:00,29.23458333
2018-03-29 04:00:00+03:00,21.46875
2018-03-29 05:00:00+03:00,27.2073913
2018-03-29 06:00:00+03:00,20.45708333
2018-03-29 07:00:00+03:00,23.19
2018-03-29 08:00:00+03:00,15.21208333
2018-03-29 09:00:00+03:00,15.21208333
2018-03-29 10:00:00+03:00,15.21208333
2018-03-29 11:00:00+03:00,15.21208333
2018-03-29 12:00:00+03:00,4.7075
2018-03-29 13:00:00+03:00,4.484583333
2018-03-29 14:00:00+03:00,4.707916667
2018-03-29 15:00:00+03:00,4.707916667
2018-03-29 16:00:00+03:00,4.385555556
2018-03-29 17:00:00+03:00,4.016666667
2018-03-29 18:00:00+03:00,4.016666667
2018-03-29 19:00:00+03:00,5.236
2018-03-29 20:00:00+03:00,6.364166667
2018-03-29 21:00:00+03:00,6.364166667
2018-03-29 22:00:00+03:00,6.364166667
2018-03-29 23:00:00+03:00,12.73043478
2018-03-30 00:00:00+03:00,8.804166667
2018-03-30 01:00:00+03:00,12.0175
2018-03-30 02:00:00+03:00,8.465
2018-03-30 03:00:00+03:00,13.34291667
2018-03-30 04:00:00+03:00,12.56333333
2018-03-30 05:00:00+03:00,28.91333333
2018-03-30 06:00:00+03:00,28.91333333
2018-03-30 07:00:00+03:00,24.311
2018-03-30 08:00:00+03:00,12.44208333
2018-03-30 09:00:00+03:00,5.6575
2018-03-30 10:00:00+03:00,7.7185
2018-03-30 11:00:00+03:00,1.34
2018-03-30 12:00:00+03:00,1.089166667
2018-03-30 13:00:00+03:00,2.684583333
2018-03-30 14:00:00+03:00,1.422916667
2018-03-30 15:00:00+03:00,1.5225
2018-03-30 16:00:00+03:00,1.567391304
2018-03-30 17:00:00+03:00,2.12
2018-03-30 18:00:00+03:00,3.660416667
2018-03-30 19:00:00+03:00,4.5525
2018-03-30 20:00:00+03:00,4.5525
2018-03-30 21:00:00+03:00,5.973333333
2018-03-30 22:00:00+03:00,6.078333333
2018-03-30 23:00:00+03:00,6.477916667
2018-03-31 00:00:00+03:00,4.861666667
2018-03-31 01:00:00+03:00,4.284782609
2018-03-31 02:00:00+03:00,3.748333333
2018-03-31 03:00:00+03:00,5.511304348
2018-03-31 04:00:00+03:00,4.972916667
2018-03-31 05:00:00+03:00,5.619166667
2018-03-31 06:00:00+03:00,13.1425
2018-03-31 07:00:00+03:00,13.1425
2018-03-31 08:00:00+03:00,2.085
2018-03-31 09:00:00+03:00,5.871666667
2018-03-31 10:00:00+03:00,5.871666667
2018-03-31 11:00:00+03:00,1.511666667
2018-03-31 12:00:00+03:00,1.511666667
2018-03-31 13:00:00+03:00,1.951111111
2018-03-31 14:00:00+03:00,1.56
2018-03-31 15:00:00+03:00,1.30173913
2018-03-31 16:00:00+03:00,0.9
2018-03-31 17:00:00+03:00,2.406666667
2018-03-31 18:00:00+03:00,5.3212
2018-03-31 19:00:00+03:00,18.45
2018-03-31 20:00:00+03:00,16.69041667
2018-03-31 21:00:00+03:00,8.46
2018-03-31 22:00:00+03:00,8.46
2018-03-31 23:00:00+03:00,5.725
2018-04-01 00:00:00+03:00,8.089166667
2018-04-01 01:00:00+03:00,29.47625
2018-04-01 02:00:00+03:00,16.78041667